,0
0,saúde e bem-estar
1,saúde e bem-estar
2,saúde e bem-estar
3,saúde e bem-estar
4,bares e baladas
5,saúde e bem-estar
6,saúde e bem-estar
7,saúde e bem-estar
8,saúde e bem-estar
9,saúde e bem-estar
10,saúde e bem-estar
11,saúde e bem-estar
12,saúde e bem-estar
13,saúde e bem-estar
14,saúde e bem-estar
15,saúde e bem-estar
16,bares e baladas
17,bares e baladas
18,saúde e bem-estar
19,saúde e bem-estar
20,saúde e bem-estar
21,bares e baladas
22,hotéis
23,saúde e bem-estar
24,saúde e bem-estar
25,saúde e bem-estar
26,bares e baladas
27,restaurantes
28,restaurantes
29,restaurantes
30,restaurantes
31,restaurantes
32,saúde e bem-estar
33,saúde e bem-estar
34,saúde e bem-estar
35,saúde e bem-estar
36,saúde e bem-estar
37,saúde e bem-estar
38,saúde e bem-estar
39,saúde e bem-estar
40,saúde e bem-estar
41,bares e baladas
42,restaurantes
43,restaurantes
44,saúde e bem-estar
45,saúde e bem-estar
46,saúde e bem-estar
47,saúde e bem-estar
48,saúde e bem-estar
49,saúde e bem-estar
50,saúde e bem-estar
51,saúde e bem-estar
52,saúde e bem-estar
53,saúde e bem-estar
54,saúde e bem-estar
55,saúde e bem-estar
56,saúde e bem-estar
57,hotéis
58,saúde e bem-estar
59,saúde e bem-estar
60,saúde e bem-estar
61,saúde e bem-estar
62,saúde e bem-estar
63,saúde e bem-estar
64,restaurantes
65,saúde e bem-estar
66,saúde e bem-estar
67,saúde e bem-estar
68,saúde e bem-estar
69,restaurantes
70,restaurantes
71,saúde e bem-estar
72,saúde e bem-estar
73,saúde e bem-estar
74,saúde e bem-estar
75,saúde e bem-estar
76,saúde e bem-estar
77,saúde e bem-estar
78,saúde e bem-estar
79,bares e baladas
80,bares e baladas
81,bares e baladas
82,saúde e bem-estar
83,saúde e bem-estar
84,saúde e bem-estar
85,saúde e bem-estar
86,saúde e bem-estar
87,saúde e bem-estar
88,saúde e bem-estar
89,saúde e bem-estar
90,saúde e bem-estar
91,saúde e bem-estar
92,saúde e bem-estar
93,saúde e bem-estar
94,saúde e bem-estar
95,saúde e bem-estar
96,saúde e bem-estar
97,saúde e bem-estar
98,saúde e bem-estar
99,saúde e bem-estar
100,saúde e bem-estar
101,saúde e bem-estar
102,saúde e bem-estar
103,hotéis
104,hotéis
105,hotéis
106,hotéis
107,hotéis
108,saúde e bem-estar
109,saúde e bem-estar
110,saúde e bem-estar
111,saúde e bem-estar
112,restaurantes
113,saúde e bem-estar
114,saúde e bem-estar
115,restaurantes
116,saúde e bem-estar
117,saúde e bem-estar
118,saúde e bem-estar
119,saúde e bem-estar
120,saúde e bem-estar
121,saúde e bem-estar
122,bares e baladas
123,bares e baladas
124,saúde e bem-estar
125,saúde e bem-estar
126,saúde e bem-estar
127,saúde e bem-estar
128,saúde e bem-estar
129,saúde e bem-estar
130,saúde e bem-estar
131,bares e baladas
132,saúde e bem-estar
133,saúde e bem-estar
134,saúde e bem-estar
135,saúde e bem-estar
136,hotéis
137,hotéis
138,saúde e bem-estar
139,saúde e bem-estar
140,saúde e bem-estar
141,saúde e bem-estar
142,saúde e bem-estar
143,saúde e bem-estar
144,saúde e bem-estar
145,restaurantes
146,saúde e bem-estar
147,saúde e bem-estar
148,saúde e bem-estar
149,saúde e bem-estar
150,saúde e bem-estar
151,bares e baladas
152,restaurantes
153,hotéis
154,saúde e bem-estar
155,restaurantes
156,saúde e bem-estar
157,saúde e bem-estar
158,saúde e bem-estar
159,saúde e bem-estar
160,saúde e bem-estar
161,saúde e bem-estar
162,saúde e bem-estar
163,saúde e bem-estar
164,saúde e bem-estar
165,saúde e bem-estar
166,saúde e bem-estar
167,saúde e bem-estar
168,saúde e bem-estar
169,saúde e bem-estar
170,saúde e bem-estar
171,saúde e bem-estar
172,hotéis
173,saúde e bem-estar
174,hotéis
175,saúde e bem-estar
176,saúde e bem-estar
177,saúde e bem-estar
178,saúde e bem-estar
179,saúde e bem-estar
180,saúde e bem-estar
181,saúde e bem-estar
182,restaurantes
183,restaurantes
184,saúde e bem-estar
185,saúde e bem-estar
186,saúde e bem-estar
187,saúde e bem-estar
188,saúde e bem-estar
189,restaurantes
190,saúde e bem-estar
191,saúde e bem-estar
192,saúde e bem-estar
193,saúde e bem-estar
194,saúde e bem-estar
195,bares e baladas
196,saúde e bem-estar
197,saúde e bem-estar
198,saúde e bem-estar
199,saúde e bem-estar
200,saúde e bem-estar
201,saúde e bem-estar
202,saúde e bem-estar
203,saúde e bem-estar
204,bares e baladas
205,saúde e bem-estar
206,saúde e bem-estar
207,saúde e bem-estar
208,saúde e bem-estar
209,saúde e bem-estar
210,saúde e bem-estar
211,saúde e bem-estar
212,saúde e bem-estar
213,hotéis
214,hotéis
215,saúde e bem-estar
216,saúde e bem-estar
217,saúde e bem-estar
218,saúde e bem-estar
219,saúde e bem-estar
220,saúde e bem-estar
221,saúde e bem-estar
222,restaurantes
223,restaurantes
224,bares e baladas
225,saúde e bem-estar
226,saúde e bem-estar
227,saúde e bem-estar
228,bares e baladas
229,saúde e bem-estar
230,saúde e bem-estar
231,saúde e bem-estar
232,bares e baladas
233,bares e baladas
234,saúde e bem-estar
235,restaurantes
236,saúde e bem-estar
237,saúde e bem-estar
238,saúde e bem-estar
239,saúde e bem-estar
240,saúde e bem-estar
241,saúde e bem-estar
242,saúde e bem-estar
243,saúde e bem-estar
244,saúde e bem-estar
245,saúde e bem-estar
246,saúde e bem-estar
247,saúde e bem-estar
248,saúde e bem-estar
249,saúde e bem-estar
250,saúde e bem-estar
251,saúde e bem-estar
252,saúde e bem-estar
253,saúde e bem-estar
254,saúde e bem-estar
255,saúde e bem-estar
256,hotéis
257,hotéis
258,hotéis
259,saúde e bem-estar
260,hotéis
261,saúde e bem-estar
262,saúde e bem-estar
263,saúde e bem-estar
264,saúde e bem-estar
265,saúde e bem-estar
266,bares e baladas
267,bares e baladas
268,bares e baladas
269,restaurantes
270,bares e baladas
271,saúde e bem-estar
272,saúde e bem-estar
273,saúde e bem-estar
274,bares e baladas
275,saúde e bem-estar
276,saúde e bem-estar
277,saúde e bem-estar
278,restaurantes
279,saúde e bem-estar
280,saúde e bem-estar
281,saúde e bem-estar
282,saúde e bem-estar
283,saúde e bem-estar
284,saúde e bem-estar
285,saúde e bem-estar
286,saúde e bem-estar
287,saúde e bem-estar
288,saúde e bem-estar
289,saúde e bem-estar
290,saúde e bem-estar
291,saúde e bem-estar
292,saúde e bem-estar
293,saúde e bem-estar
294,hotéis
295,hotéis
296,saúde e bem-estar
297,saúde e bem-estar
298,restaurantes
299,bares e baladas
300,bares e baladas
301,saúde e bem-estar
302,restaurantes
303,saúde e bem-estar
304,saúde e bem-estar
305,saúde e bem-estar
306,saúde e bem-estar
307,hotéis
308,saúde e bem-estar
309,saúde e bem-estar
310,saúde e bem-estar
311,saúde e bem-estar
312,saúde e bem-estar
313,saúde e bem-estar
314,bares e baladas
315,saúde e bem-estar
316,saúde e bem-estar
317,saúde e bem-estar
318,saúde e bem-estar
319,saúde e bem-estar
320,saúde e bem-estar
321,hotéis
322,hotéis
323,hotéis
324,saúde e bem-estar
325,saúde e bem-estar
326,hotéis
327,hotéis
328,saúde e bem-estar
329,saúde e bem-estar
330,restaurantes
331,saúde e bem-estar
332,restaurantes
333,restaurantes
334,restaurantes
335,saúde e bem-estar
336,bares e baladas
337,saúde e bem-estar
338,restaurantes
339,saúde e bem-estar
340,saúde e bem-estar
341,saúde e bem-estar
342,saúde e bem-estar
343,saúde e bem-estar
344,saúde e bem-estar
345,saúde e bem-estar
346,saúde e bem-estar
347,saúde e bem-estar
348,saúde e bem-estar
349,saúde e bem-estar
350,saúde e bem-estar
351,saúde e bem-estar
352,saúde e bem-estar
353,bares e baladas
354,saúde e bem-estar
355,saúde e bem-estar
356,saúde e bem-estar
357,saúde e bem-estar
358,saúde e bem-estar
359,saúde e bem-estar
360,saúde e bem-estar
361,saúde e bem-estar
362,saúde e bem-estar
363,saúde e bem-estar
364,saúde e bem-estar
365,hotéis
366,saúde e bem-estar
367,saúde e bem-estar
368,hotéis
369,saúde e bem-estar
370,restaurantes
371,saúde e bem-estar
372,saúde e bem-estar
373,saúde e bem-estar
374,saúde e bem-estar
375,saúde e bem-estar
376,saúde e bem-estar
377,saúde e bem-estar
378,saúde e bem-estar
379,saúde e bem-estar
380,saúde e bem-estar
381,saúde e bem-estar
382,saúde e bem-estar
383,saúde e bem-estar
384,saúde e bem-estar
385,saúde e bem-estar
386,saúde e bem-estar
387,saúde e bem-estar
388,saúde e bem-estar
389,saúde e bem-estar
390,saúde e bem-estar
391,saúde e bem-estar
392,saúde e bem-estar
393,saúde e bem-estar
394,saúde e bem-estar
395,saúde e bem-estar
396,hotéis
397,hotéis
398,hotéis
399,hotéis
400,saúde e bem-estar
401,saúde e bem-estar
402,saúde e bem-estar
403,bares e baladas
404,restaurantes
405,restaurantes
406,restaurantes
407,restaurantes
408,saúde e bem-estar
409,saúde e bem-estar
410,saúde e bem-estar
411,saúde e bem-estar
412,bares e baladas
413,restaurantes
414,restaurantes
415,saúde e bem-estar
416,saúde e bem-estar
417,saúde e bem-estar
418,saúde e bem-estar
419,saúde e bem-estar
420,saúde e bem-estar
421,saúde e bem-estar
422,saúde e bem-estar
423,saúde e bem-estar
424,saúde e bem-estar
425,saúde e bem-estar
426,saúde e bem-estar
427,saúde e bem-estar
428,saúde e bem-estar
429,saúde e bem-estar
430,saúde e bem-estar
431,saúde e bem-estar
432,bares e baladas
433,bares e baladas
434,saúde e bem-estar
435,saúde e bem-estar
436,saúde e bem-estar
437,bares e baladas
438,saúde e bem-estar
439,hotéis
440,hotéis
441,hotéis
442,saúde e bem-estar
443,saúde e bem-estar
444,saúde e bem-estar
445,saúde e bem-estar
446,saúde e bem-estar
447,saúde e bem-estar
448,bares e baladas
449,saúde e bem-estar
450,saúde e bem-estar
451,saúde e bem-estar
452,saúde e bem-estar
453,bares e baladas
454,bares e baladas
455,bares e baladas
456,bares e baladas
457,saúde e bem-estar
458,saúde e bem-estar
459,saúde e bem-estar
460,saúde e bem-estar
461,saúde e bem-estar
462,bares e baladas
463,saúde e bem-estar
464,saúde e bem-estar
465,saúde e bem-estar
466,saúde e bem-estar
467,saúde e bem-estar
468,saúde e bem-estar
469,bares e baladas
470,saúde e bem-estar
471,saúde e bem-estar
472,saúde e bem-estar
473,saúde e bem-estar
474,saúde e bem-estar
475,saúde e bem-estar
476,hotéis
477,hotéis
478,hotéis
479,hotéis
480,hotéis
481,saúde e bem-estar
482,saúde e bem-estar
483,saúde e bem-estar
484,saúde e bem-estar
485,saúde e bem-estar
486,restaurantes
487,restaurantes
488,restaurantes
489,restaurantes
490,bares e baladas
491,bares e baladas
492,saúde e bem-estar
493,saúde e bem-estar
494,saúde e bem-estar
495,saúde e bem-estar
496,saúde e bem-estar
497,saúde e bem-estar
498,saúde e bem-estar
499,saúde e bem-estar
500,bares e baladas
501,saúde e bem-estar
502,bares e baladas
503,saúde e bem-estar
504,saúde e bem-estar
505,saúde e bem-estar
506,saúde e bem-estar
507,saúde e bem-estar
508,saúde e bem-estar
509,saúde e bem-estar
510,saúde e bem-estar
511,saúde e bem-estar
512,saúde e bem-estar
513,hotéis
514,hotéis
515,saúde e bem-estar
516,saúde e bem-estar
517,saúde e bem-estar
518,saúde e bem-estar
519,restaurantes
520,saúde e bem-estar
521,saúde e bem-estar
522,bares e baladas
523,saúde e bem-estar
524,saúde e bem-estar
525,saúde e bem-estar
526,saúde e bem-estar
527,saúde e bem-estar
528,saúde e bem-estar
529,saúde e bem-estar
530,saúde e bem-estar
531,saúde e bem-estar
532,saúde e bem-estar
533,saúde e bem-estar
534,saúde e bem-estar
535,saúde e bem-estar
536,saúde e bem-estar
537,saúde e bem-estar
538,saúde e bem-estar
539,saúde e bem-estar
540,saúde e bem-estar
541,saúde e bem-estar
542,saúde e bem-estar
543,saúde e bem-estar
544,saúde e bem-estar
545,saúde e bem-estar
546,saúde e bem-estar
547,saúde e bem-estar
548,hotéis
549,hotéis
550,hotéis
551,hotéis
552,saúde e bem-estar
553,saúde e bem-estar
554,restaurantes
555,saúde e bem-estar
556,saúde e bem-estar
557,saúde e bem-estar
558,saúde e bem-estar
559,restaurantes
560,bares e baladas
561,bares e baladas
562,bares e baladas
563,saúde e bem-estar
564,saúde e bem-estar
565,saúde e bem-estar
566,saúde e bem-estar
567,saúde e bem-estar
568,saúde e bem-estar
569,saúde e bem-estar
570,saúde e bem-estar
571,saúde e bem-estar
572,bares e baladas
573,bares e baladas
574,saúde e bem-estar
575,saúde e bem-estar
576,restaurantes
577,bares e baladas
578,saúde e bem-estar
579,saúde e bem-estar
580,saúde e bem-estar
581,saúde e bem-estar
582,saúde e bem-estar
583,saúde e bem-estar
584,bares e baladas
585,bares e baladas
586,saúde e bem-estar
587,saúde e bem-estar
588,saúde e bem-estar
589,saúde e bem-estar
590,saúde e bem-estar
591,saúde e bem-estar
592,hotéis
593,hotéis
594,saúde e bem-estar
595,saúde e bem-estar
596,saúde e bem-estar
597,restaurantes
598,restaurantes
599,saúde e bem-estar
600,saúde e bem-estar
601,saúde e bem-estar
602,saúde e bem-estar
603,saúde e bem-estar
604,saúde e bem-estar
605,saúde e bem-estar
606,saúde e bem-estar
607,saúde e bem-estar
608,saúde e bem-estar
609,saúde e bem-estar
610,hotéis
611,bares e baladas
612,saúde e bem-estar
613,saúde e bem-estar
614,saúde e bem-estar
615,saúde e bem-estar
616,saúde e bem-estar
617,bares e baladas
618,saúde e bem-estar
619,saúde e bem-estar
620,saúde e bem-estar
621,saúde e bem-estar
622,hotéis
623,hotéis
624,restaurantes
625,hotéis
626,saúde e bem-estar
627,saúde e bem-estar
628,saúde e bem-estar
629,saúde e bem-estar
630,bares e baladas
631,restaurantes
632,restaurantes
633,saúde e bem-estar
634,saúde e bem-estar
635,saúde e bem-estar
636,bares e baladas
637,saúde e bem-estar
638,saúde e bem-estar
639,saúde e bem-estar
640,saúde e bem-estar
641,saúde e bem-estar
642,saúde e bem-estar
643,saúde e bem-estar
644,restaurantes
645,saúde e bem-estar
646,saúde e bem-estar
647,saúde e bem-estar
648,saúde e bem-estar
649,saúde e bem-estar
650,saúde e bem-estar
651,saúde e bem-estar
652,saúde e bem-estar
653,saúde e bem-estar
654,hotéis
655,hotéis
656,hotéis
657,hotéis
658,saúde e bem-estar
659,saúde e bem-estar
660,saúde e bem-estar
661,saúde e bem-estar
662,restaurantes
663,bares e baladas
664,bares e baladas
665,saúde e bem-estar
666,saúde e bem-estar
667,saúde e bem-estar
668,saúde e bem-estar
669,saúde e bem-estar
670,saúde e bem-estar
671,saúde e bem-estar
672,saúde e bem-estar
673,saúde e bem-estar
674,saúde e bem-estar
675,saúde e bem-estar
676,saúde e bem-estar
677,saúde e bem-estar
678,saúde e bem-estar
679,saúde e bem-estar
680,saúde e bem-estar
681,saúde e bem-estar
682,saúde e bem-estar
683,saúde e bem-estar
684,saúde e bem-estar
685,saúde e bem-estar
686,saúde e bem-estar
687,bares e baladas
688,saúde e bem-estar
689,hotéis
690,hotéis
691,saúde e bem-estar
692,saúde e bem-estar
693,saúde e bem-estar
694,saúde e bem-estar
695,restaurantes
696,restaurantes
697,restaurantes
698,bares e baladas
699,restaurantes
700,saúde e bem-estar
701,saúde e bem-estar
702,saúde e bem-estar
703,saúde e bem-estar
704,saúde e bem-estar
705,restaurantes
706,restaurantes
707,bares e baladas
708,saúde e bem-estar
709,bares e baladas
710,saúde e bem-estar
711,restaurantes
712,saúde e bem-estar
713,saúde e bem-estar
714,saúde e bem-estar
715,saúde e bem-estar
716,saúde e bem-estar
717,saúde e bem-estar
718,saúde e bem-estar
719,bares e baladas
720,saúde e bem-estar
721,saúde e bem-estar
722,saúde e bem-estar
723,saúde e bem-estar
724,saúde e bem-estar
725,saúde e bem-estar
726,saúde e bem-estar
727,hotéis
728,hotéis
729,saúde e bem-estar
730,saúde e bem-estar
731,saúde e bem-estar
732,saúde e bem-estar
733,saúde e bem-estar
734,saúde e bem-estar
735,saúde e bem-estar
736,restaurantes
737,restaurantes
738,saúde e bem-estar
739,bares e baladas
740,saúde e bem-estar
741,saúde e bem-estar
742,saúde e bem-estar
743,restaurantes
744,saúde e bem-estar
745,saúde e bem-estar
746,saúde e bem-estar
747,saúde e bem-estar
748,saúde e bem-estar
749,saúde e bem-estar
750,bares e baladas
751,hotéis
752,saúde e bem-estar
753,saúde e bem-estar
754,saúde e bem-estar
755,saúde e bem-estar
756,saúde e bem-estar
757,saúde e bem-estar
758,saúde e bem-estar
759,saúde e bem-estar
760,saúde e bem-estar
761,saúde e bem-estar
762,saúde e bem-estar
763,saúde e bem-estar
764,hotéis
765,hotéis
766,hotéis
767,hotéis
768,saúde e bem-estar
769,saúde e bem-estar
770,saúde e bem-estar
771,saúde e bem-estar
772,saúde e bem-estar
773,saúde e bem-estar
774,saúde e bem-estar
775,saúde e bem-estar
776,restaurantes
777,bares e baladas
778,bares e baladas
779,saúde e bem-estar
780,saúde e bem-estar
781,saúde e bem-estar
782,saúde e bem-estar
783,saúde e bem-estar
784,saúde e bem-estar
785,saúde e bem-estar
786,saúde e bem-estar
787,saúde e bem-estar
788,saúde e bem-estar
789,saúde e bem-estar
790,saúde e bem-estar
791,saúde e bem-estar
792,saúde e bem-estar
793,saúde e bem-estar
794,saúde e bem-estar
795,saúde e bem-estar
796,saúde e bem-estar
797,saúde e bem-estar
798,saúde e bem-estar
799,saúde e bem-estar
800,saúde e bem-estar
801,saúde e bem-estar
802,saúde e bem-estar
803,saúde e bem-estar
804,restaurantes
805,saúde e bem-estar
806,saúde e bem-estar
807,saúde e bem-estar
808,saúde e bem-estar
809,saúde e bem-estar
810,saúde e bem-estar
811,saúde e bem-estar
812,hotéis
813,hotéis
814,hotéis
815,hotéis
816,hotéis
817,saúde e bem-estar
818,saúde e bem-estar
819,saúde e bem-estar
820,saúde e bem-estar
821,saúde e bem-estar
822,restaurantes
823,restaurantes
824,saúde e bem-estar
825,saúde e bem-estar
826,saúde e bem-estar
827,saúde e bem-estar
828,restaurantes
829,bares e baladas
830,saúde e bem-estar
831,saúde e bem-estar
832,saúde e bem-estar
833,saúde e bem-estar
834,saúde e bem-estar
835,saúde e bem-estar
836,saúde e bem-estar
837,restaurantes
838,saúde e bem-estar
839,saúde e bem-estar
840,restaurantes
841,saúde e bem-estar
842,restaurantes
843,saúde e bem-estar
844,saúde e bem-estar
845,saúde e bem-estar
846,saúde e bem-estar
847,saúde e bem-estar
848,saúde e bem-estar
849,saúde e bem-estar
850,saúde e bem-estar
851,saúde e bem-estar
852,saúde e bem-estar
853,saúde e bem-estar
854,saúde e bem-estar
855,saúde e bem-estar
856,saúde e bem-estar
857,bares e baladas
858,hotéis
859,hotéis
860,hotéis
861,saúde e bem-estar
862,saúde e bem-estar
863,saúde e bem-estar
864,saúde e bem-estar
865,saúde e bem-estar
866,saúde e bem-estar
867,saúde e bem-estar
868,bares e baladas
869,bares e baladas
870,restaurantes
871,restaurantes
872,bares e baladas
873,saúde e bem-estar
874,bares e baladas
875,restaurantes
876,restaurantes
877,saúde e bem-estar
878,saúde e bem-estar
879,saúde e bem-estar
880,bares e baladas
881,saúde e bem-estar
882,saúde e bem-estar
883,saúde e bem-estar
884,saúde e bem-estar
885,saúde e bem-estar
886,saúde e bem-estar
887,saúde e bem-estar
888,saúde e bem-estar
889,saúde e bem-estar
890,saúde e bem-estar
891,saúde e bem-estar
892,saúde e bem-estar
893,saúde e bem-estar
894,saúde e bem-estar
895,saúde e bem-estar
896,hotéis
897,hotéis
898,saúde e bem-estar
899,saúde e bem-estar
900,saúde e bem-estar
901,saúde e bem-estar
902,saúde e bem-estar
903,saúde e bem-estar
904,saúde e bem-estar
905,saúde e bem-estar
906,bares e baladas
907,saúde e bem-estar
908,saúde e bem-estar
909,saúde e bem-estar
910,saúde e bem-estar
911,saúde e bem-estar
912,restaurantes
913,saúde e bem-estar
914,bares e baladas
915,saúde e bem-estar
916,saúde e bem-estar
917,saúde e bem-estar
918,saúde e bem-estar
919,saúde e bem-estar
920,saúde e bem-estar
921,saúde e bem-estar
922,saúde e bem-estar
923,saúde e bem-estar
924,saúde e bem-estar
925,saúde e bem-estar
926,saúde e bem-estar
927,saúde e bem-estar
928,saúde e bem-estar
929,saúde e bem-estar
930,bares e baladas
931,saúde e bem-estar
932,saúde e bem-estar
933,bares e baladas
934,saúde e bem-estar
935,restaurantes
936,restaurantes
937,restaurantes
938,restaurantes
939,restaurantes
940,saúde e bem-estar
941,saúde e bem-estar
942,saúde e bem-estar
943,saúde e bem-estar
944,saúde e bem-estar
945,saúde e bem-estar
946,saúde e bem-estar
947,saúde e bem-estar
948,saúde e bem-estar
949,bares e baladas
950,saúde e bem-estar
951,hotéis
952,restaurantes
953,restaurantes
954,restaurantes
955,restaurantes
956,restaurantes
957,restaurantes
958,bares e baladas
959,restaurantes
960,bares e baladas
961,bares e baladas
962,bares e baladas
963,restaurantes
964,restaurantes
965,restaurantes
966,restaurantes
967,saúde e bem-estar
968,saúde e bem-estar
969,saúde e bem-estar
970,saúde e bem-estar
971,bares e baladas
972,bares e baladas
973,bares e baladas
974,saúde e bem-estar
975,saúde e bem-estar
976,bares e baladas
977,restaurantes
978,bares e baladas
979,bares e baladas
980,bares e baladas
981,saúde e bem-estar
982,saúde e bem-estar
983,saúde e bem-estar
984,saúde e bem-estar
985,saúde e bem-estar
986,saúde e bem-estar
987,saúde e bem-estar
988,saúde e bem-estar
989,saúde e bem-estar
990,saúde e bem-estar
991,saúde e bem-estar
992,saúde e bem-estar
993,saúde e bem-estar
994,saúde e bem-estar
995,saúde e bem-estar
996,saúde e bem-estar
997,saúde e bem-estar
998,saúde e bem-estar
999,saúde e bem-estar
1000,saúde e bem-estar
1001,saúde e bem-estar
1002,saúde e bem-estar
1003,saúde e bem-estar
1004,saúde e bem-estar
1005,saúde e bem-estar
1006,saúde e bem-estar
1007,saúde e bem-estar
1008,bares e baladas
1009,bares e baladas
1010,bares e baladas
1011,hotéis
1012,restaurantes
1013,restaurantes
1014,saúde e bem-estar
1015,saúde e bem-estar
1016,restaurantes
1017,restaurantes
1018,restaurantes
1019,saúde e bem-estar
1020,saúde e bem-estar
1021,saúde e bem-estar
1022,saúde e bem-estar
1023,saúde e bem-estar
1024,saúde e bem-estar
1025,saúde e bem-estar
1026,saúde e bem-estar
1027,saúde e bem-estar
1028,saúde e bem-estar
1029,saúde e bem-estar
1030,saúde e bem-estar
1031,saúde e bem-estar
1032,saúde e bem-estar
1033,saúde e bem-estar
1034,saúde e bem-estar
1035,saúde e bem-estar
1036,saúde e bem-estar
1037,saúde e bem-estar
1038,saúde e bem-estar
1039,saúde e bem-estar
1040,saúde e bem-estar
1041,saúde e bem-estar
1042,saúde e bem-estar
1043,saúde e bem-estar
1044,saúde e bem-estar
1045,saúde e bem-estar
1046,saúde e bem-estar
1047,saúde e bem-estar
1048,saúde e bem-estar
1049,saúde e bem-estar
1050,saúde e bem-estar
1051,saúde e bem-estar
1052,saúde e bem-estar
1053,saúde e bem-estar
1054,saúde e bem-estar
1055,saúde e bem-estar
1056,hotéis
1057,hotéis
1058,hotéis
1059,hotéis
1060,hotéis
1061,hotéis
1062,hotéis
1063,hotéis
1064,hotéis
1065,hotéis
1066,hotéis
1067,hotéis
1068,hotéis
1069,hotéis
1070,hotéis
1071,hotéis
1072,hotéis
1073,hotéis
1074,bares e baladas
1075,hotéis
1076,saúde e bem-estar
1077,saúde e bem-estar
1078,saúde e bem-estar
1079,restaurantes
1080,saúde e bem-estar
1081,cafés
1082,restaurantes
1083,saúde e bem-estar
1084,saúde e bem-estar
1085,restaurantes
1086,saúde e bem-estar
1087,restaurantes
1088,saúde e bem-estar
1089,saúde e bem-estar
1090,saúde e bem-estar
1091,saúde e bem-estar
1092,saúde e bem-estar
1093,saúde e bem-estar
1094,saúde e bem-estar
1095,saúde e bem-estar
1096,saúde e bem-estar
1097,saúde e bem-estar
1098,saúde e bem-estar
1099,saúde e bem-estar
1100,saúde e bem-estar
1101,saúde e bem-estar
1102,restaurantes
1103,restaurantes
1104,restaurantes
1105,bares e baladas
1106,restaurantes
1107,saúde e bem-estar
1108,saúde e bem-estar
1109,saúde e bem-estar
1110,saúde e bem-estar
1111,saúde e bem-estar
1112,saúde e bem-estar
1113,saúde e bem-estar
1114,bares e baladas
1115,restaurantes
1116,restaurantes
1117,restaurantes
1118,restaurantes
1119,restaurantes
1120,restaurantes
1121,restaurantes
1122,restaurantes
1123,restaurantes
1124,restaurantes
1125,bares e baladas
1126,restaurantes
1127,bares e baladas
1128,bares e baladas
1129,restaurantes
1130,restaurantes
1131,restaurantes
1132,restaurantes
1133,saúde e bem-estar
1134,saúde e bem-estar
1135,saúde e bem-estar
1136,saúde e bem-estar
1137,saúde e bem-estar
1138,bares e baladas
1139,bares e baladas
1140,bares e baladas
1141,bares e baladas
1142,bares e baladas
1143,bares e baladas
1144,bares e baladas
1145,bares e baladas
1146,cafés
1147,saúde e bem-estar
1148,restaurantes
1149,saúde e bem-estar
1150,saúde e bem-estar
1151,saúde e bem-estar
1152,saúde e bem-estar
1153,saúde e bem-estar
1154,saúde e bem-estar
1155,saúde e bem-estar
1156,saúde e bem-estar
1157,saúde e bem-estar
1158,saúde e bem-estar
1159,saúde e bem-estar
1160,saúde e bem-estar
1161,saúde e bem-estar
1162,saúde e bem-estar
1163,saúde e bem-estar
1164,saúde e bem-estar
1165,saúde e bem-estar
1166,saúde e bem-estar
1167,saúde e bem-estar
1168,saúde e bem-estar
1169,saúde e bem-estar
1170,saúde e bem-estar
1171,saúde e bem-estar
1172,saúde e bem-estar
1173,saúde e bem-estar
1174,restaurantes
1175,bares e baladas
1176,bares e baladas
1177,bares e baladas
1178,restaurantes
1179,restaurantes
1180,restaurantes
1181,restaurantes
1182,saúde e bem-estar
1183,saúde e bem-estar
1184,saúde e bem-estar
1185,restaurantes
1186,saúde e bem-estar
1187,saúde e bem-estar
1188,saúde e bem-estar
1189,saúde e bem-estar
1190,saúde e bem-estar
1191,saúde e bem-estar
1192,saúde e bem-estar
1193,saúde e bem-estar
1194,saúde e bem-estar
1195,saúde e bem-estar
1196,saúde e bem-estar
1197,saúde e bem-estar
1198,saúde e bem-estar
1199,cafés
1200,saúde e bem-estar
1201,saúde e bem-estar
1202,saúde e bem-estar
1203,saúde e bem-estar
1204,saúde e bem-estar
1205,saúde e bem-estar
1206,saúde e bem-estar
1207,saúde e bem-estar
1208,saúde e bem-estar
1209,saúde e bem-estar
1210,saúde e bem-estar
1211,saúde e bem-estar
1212,saúde e bem-estar
1213,saúde e bem-estar
1214,saúde e bem-estar
1215,hotéis
1216,hotéis
1217,hotéis
1218,hotéis
1219,hotéis
1220,hotéis
1221,hotéis
1222,hotéis
1223,hotéis
1224,hotéis
1225,hotéis
1226,hotéis
1227,hotéis
1228,hotéis
1229,hotéis
1230,hotéis
1231,hotéis
1232,saúde e bem-estar
1233,saúde e bem-estar
1234,saúde e bem-estar
1235,restaurantes
1236,saúde e bem-estar
1237,saúde e bem-estar
1238,restaurantes
1239,saúde e bem-estar
1240,restaurantes
1241,saúde e bem-estar
1242,saúde e bem-estar
1243,saúde e bem-estar
1244,saúde e bem-estar
1245,saúde e bem-estar
1246,saúde e bem-estar
1247,saúde e bem-estar
1248,saúde e bem-estar
1249,saúde e bem-estar
1250,saúde e bem-estar
1251,saúde e bem-estar
1252,saúde e bem-estar
1253,saúde e bem-estar
1254,saúde e bem-estar
1255,hotéis
1256,restaurantes
1257,saúde e bem-estar
1258,restaurantes
1259,restaurantes
1260,restaurantes
1261,restaurantes
1262,bares e baladas
1263,saúde e bem-estar
1264,saúde e bem-estar
1265,saúde e bem-estar
1266,saúde e bem-estar
1267,saúde e bem-estar
1268,saúde e bem-estar
1269,saúde e bem-estar
1270,saúde e bem-estar
1271,saúde e bem-estar
1272,restaurantes
1273,restaurantes
1274,restaurantes
1275,restaurantes
1276,restaurantes
1277,bares e baladas
1278,restaurantes
1279,restaurantes
1280,restaurantes
1281,restaurantes
1282,bares e baladas
1283,restaurantes
1284,bares e baladas
1285,bares e baladas
1286,bares e baladas
1287,restaurantes
1288,restaurantes
1289,restaurantes
1290,restaurantes
1291,saúde e bem-estar
1292,saúde e bem-estar
1293,saúde e bem-estar
1294,saúde e bem-estar
1295,bares e baladas
1296,bares e baladas
1297,saúde e bem-estar
1298,saúde e bem-estar
1299,bares e baladas
1300,bares e baladas
1301,bares e baladas
1302,bares e baladas
1303,bares e baladas
1304,bares e baladas
1305,bares e baladas
1306,saúde e bem-estar
1307,saúde e bem-estar
1308,saúde e bem-estar
1309,saúde e bem-estar
1310,saúde e bem-estar
1311,saúde e bem-estar
1312,saúde e bem-estar
1313,saúde e bem-estar
1314,saúde e bem-estar
1315,saúde e bem-estar
1316,saúde e bem-estar
1317,saúde e bem-estar
1318,saúde e bem-estar
1319,saúde e bem-estar
1320,saúde e bem-estar
1321,saúde e bem-estar
1322,restaurantes
1323,saúde e bem-estar
1324,saúde e bem-estar
1325,saúde e bem-estar
1326,saúde e bem-estar
1327,saúde e bem-estar
1328,saúde e bem-estar
1329,saúde e bem-estar
1330,saúde e bem-estar
1331,saúde e bem-estar
1332,saúde e bem-estar
1333,saúde e bem-estar
1334,bares e baladas
1335,bares e baladas
1336,restaurantes
1337,saúde e bem-estar
1338,restaurantes
1339,saúde e bem-estar
1340,saúde e bem-estar
1341,saúde e bem-estar
1342,saúde e bem-estar
1343,saúde e bem-estar
1344,saúde e bem-estar
1345,saúde e bem-estar
1346,saúde e bem-estar
1347,saúde e bem-estar
1348,saúde e bem-estar
1349,saúde e bem-estar
1350,saúde e bem-estar
1351,saúde e bem-estar
1352,saúde e bem-estar
1353,saúde e bem-estar
1354,saúde e bem-estar
1355,saúde e bem-estar
1356,saúde e bem-estar
1357,saúde e bem-estar
1358,saúde e bem-estar
1359,saúde e bem-estar
1360,saúde e bem-estar
1361,saúde e bem-estar
1362,saúde e bem-estar
1363,saúde e bem-estar
1364,saúde e bem-estar
1365,saúde e bem-estar
1366,saúde e bem-estar
1367,saúde e bem-estar
1368,saúde e bem-estar
1369,saúde e bem-estar
1370,saúde e bem-estar
1371,restaurantes
1372,saúde e bem-estar
1373,saúde e bem-estar
1374,saúde e bem-estar
1375,saúde e bem-estar
1376,saúde e bem-estar
1377,saúde e bem-estar
1378,saúde e bem-estar
1379,saúde e bem-estar
1380,saúde e bem-estar
1381,saúde e bem-estar
1382,saúde e bem-estar
1383,saúde e bem-estar
1384,hotéis
1385,hotéis
1386,hotéis
1387,hotéis
1388,hotéis
1389,hotéis
1390,hotéis
1391,hotéis
1392,hotéis
1393,hotéis
1394,hotéis
1395,saúde e bem-estar
1396,hotéis
1397,hotéis
1398,hotéis
1399,hotéis
1400,hotéis
1401,hotéis
1402,hotéis
1403,hotéis
1404,saúde e bem-estar
1405,hotéis
1406,saúde e bem-estar
1407,saúde e bem-estar
1408,restaurantes
1409,saúde e bem-estar
1410,saúde e bem-estar
1411,saúde e bem-estar
1412,saúde e bem-estar
1413,restaurantes
1414,saúde e bem-estar
1415,saúde e bem-estar
1416,saúde e bem-estar
1417,saúde e bem-estar
1418,saúde e bem-estar
1419,saúde e bem-estar
1420,saúde e bem-estar
1421,saúde e bem-estar
1422,saúde e bem-estar
1423,saúde e bem-estar
1424,saúde e bem-estar
1425,saúde e bem-estar
1426,saúde e bem-estar
1427,saúde e bem-estar
1428,saúde e bem-estar
1429,restaurantes
1430,restaurantes
1431,restaurantes
1432,restaurantes
1433,restaurantes
1434,saúde e bem-estar
1435,saúde e bem-estar
1436,saúde e bem-estar
1437,saúde e bem-estar
1438,saúde e bem-estar
1439,restaurantes
1440,saúde e bem-estar
1441,saúde e bem-estar
1442,restaurantes
1443,restaurantes
1444,restaurantes
1445,restaurantes
1446,restaurantes
1447,restaurantes
1448,restaurantes
1449,restaurantes
1450,restaurantes
1451,restaurantes
1452,restaurantes
1453,bares e baladas
1454,bares e baladas
1455,restaurantes
1456,restaurantes
1457,restaurantes
1458,restaurantes
1459,restaurantes
1460,restaurantes
1461,saúde e bem-estar
1462,saúde e bem-estar
1463,saúde e bem-estar
1464,saúde e bem-estar
1465,saúde e bem-estar
1466,bares e baladas
1467,saúde e bem-estar
1468,bares e baladas
1469,bares e baladas
1470,bares e baladas
1471,bares e baladas
1472,bares e baladas
1473,bares e baladas
1474,restaurantes
1475,bares e baladas
1476,saúde e bem-estar
1477,restaurantes
1478,bares e baladas
1479,saúde e bem-estar
1480,saúde e bem-estar
1481,saúde e bem-estar
1482,saúde e bem-estar
1483,saúde e bem-estar
1484,saúde e bem-estar
1485,saúde e bem-estar
1486,saúde e bem-estar
1487,saúde e bem-estar
1488,saúde e bem-estar
1489,saúde e bem-estar
1490,saúde e bem-estar
1491,saúde e bem-estar
1492,saúde e bem-estar
1493,saúde e bem-estar
1494,saúde e bem-estar
1495,saúde e bem-estar
1496,saúde e bem-estar
1497,saúde e bem-estar
1498,saúde e bem-estar
1499,bares e baladas
1500,bares e baladas
1501,bares e baladas
1502,bares e baladas
1503,bares e baladas
1504,restaurantes
1505,saúde e bem-estar
1506,saúde e bem-estar
1507,restaurantes
1508,restaurantes
1509,saúde e bem-estar
1510,saúde e bem-estar
1511,saúde e bem-estar
1512,saúde e bem-estar
1513,saúde e bem-estar
1514,saúde e bem-estar
1515,saúde e bem-estar
1516,saúde e bem-estar
1517,saúde e bem-estar
1518,saúde e bem-estar
1519,saúde e bem-estar
1520,saúde e bem-estar
1521,saúde e bem-estar
1522,saúde e bem-estar
1523,saúde e bem-estar
1524,saúde e bem-estar
1525,saúde e bem-estar
1526,saúde e bem-estar
1527,saúde e bem-estar
1528,bares e baladas
1529,saúde e bem-estar
1530,saúde e bem-estar
1531,saúde e bem-estar
1532,saúde e bem-estar
1533,saúde e bem-estar
1534,saúde e bem-estar
1535,saúde e bem-estar
1536,saúde e bem-estar
1537,bares e baladas
1538,saúde e bem-estar
1539,cafés
1540,saúde e bem-estar
1541,saúde e bem-estar
1542,saúde e bem-estar
1543,hotéis
1544,hotéis
1545,hotéis
1546,hotéis
1547,hotéis
1548,hotéis
1549,hotéis
1550,hotéis
1551,hotéis
1552,hotéis
1553,saúde e bem-estar
1554,hotéis
1555,hotéis
1556,hotéis
1557,hotéis
1558,hotéis
1559,hotéis
1560,hotéis
1561,hotéis
1562,saúde e bem-estar
1563,hotéis
1564,hotéis
1565,saúde e bem-estar
1566,saúde e bem-estar
1567,saúde e bem-estar
1568,restaurantes
1569,restaurantes
1570,restaurantes
1571,saúde e bem-estar
1572,saúde e bem-estar
1573,saúde e bem-estar
1574,saúde e bem-estar
1575,saúde e bem-estar
1576,saúde e bem-estar
1577,saúde e bem-estar
1578,saúde e bem-estar
1579,saúde e bem-estar
1580,saúde e bem-estar
1581,saúde e bem-estar
1582,saúde e bem-estar
1583,saúde e bem-estar
1584,saúde e bem-estar
1585,restaurantes
1586,restaurantes
1587,restaurantes
1588,bares e baladas
1589,restaurantes
1590,saúde e bem-estar
1591,saúde e bem-estar
1592,saúde e bem-estar
1593,saúde e bem-estar
1594,saúde e bem-estar
1595,saúde e bem-estar
1596,saúde e bem-estar
1597,saúde e bem-estar
1598,saúde e bem-estar
1599,saúde e bem-estar
1600,restaurantes
1601,restaurantes
1602,restaurantes
1603,restaurantes
1604,restaurantes
1605,restaurantes
1606,restaurantes
1607,restaurantes
1608,bares e baladas
1609,restaurantes
1610,restaurantes
1611,bares e baladas
1612,bares e baladas
1613,restaurantes
1614,restaurantes
1615,restaurantes
1616,restaurantes
1617,restaurantes
1618,saúde e bem-estar
1619,saúde e bem-estar
1620,saúde e bem-estar
1621,bares e baladas
1622,saúde e bem-estar
1623,saúde e bem-estar
1624,bares e baladas
1625,bares e baladas
1626,bares e baladas
1627,bares e baladas
1628,bares e baladas
1629,restaurantes
1630,saúde e bem-estar
1631,restaurantes
1632,saúde e bem-estar
1633,saúde e bem-estar
1634,saúde e bem-estar
1635,saúde e bem-estar
1636,saúde e bem-estar
1637,saúde e bem-estar
1638,saúde e bem-estar
1639,saúde e bem-estar
1640,saúde e bem-estar
1641,saúde e bem-estar
1642,saúde e bem-estar
1643,saúde e bem-estar
1644,saúde e bem-estar
1645,restaurantes
1646,saúde e bem-estar
1647,saúde e bem-estar
1648,saúde e bem-estar
1649,restaurantes
1650,saúde e bem-estar
1651,bares e baladas
1652,bares e baladas
1653,bares e baladas
1654,bares e baladas
1655,saúde e bem-estar
1656,saúde e bem-estar
1657,restaurantes
1658,restaurantes
1659,saúde e bem-estar
1660,restaurantes
1661,saúde e bem-estar
1662,saúde e bem-estar
1663,saúde e bem-estar
1664,saúde e bem-estar
1665,saúde e bem-estar
1666,saúde e bem-estar
1667,saúde e bem-estar
1668,saúde e bem-estar
1669,saúde e bem-estar
1670,saúde e bem-estar
1671,saúde e bem-estar
1672,saúde e bem-estar
1673,saúde e bem-estar
1674,saúde e bem-estar
1675,saúde e bem-estar
1676,saúde e bem-estar
1677,saúde e bem-estar
1678,saúde e bem-estar
1679,saúde e bem-estar
1680,bares e baladas
1681,saúde e bem-estar
1682,saúde e bem-estar
1683,saúde e bem-estar
1684,saúde e bem-estar
1685,saúde e bem-estar
1686,bares e baladas
1687,saúde e bem-estar
1688,saúde e bem-estar
1689,saúde e bem-estar
1690,saúde e bem-estar
1691,saúde e bem-estar
1692,saúde e bem-estar
1693,saúde e bem-estar
1694,saúde e bem-estar
1695,saúde e bem-estar
1696,hotéis
1697,hotéis
1698,hotéis
1699,hotéis
1700,hotéis
1701,hotéis
1702,hotéis
1703,hotéis
1704,hotéis
1705,hotéis
1706,hotéis
1707,hotéis
1708,hotéis
1709,hotéis
1710,hotéis
1711,hotéis
1712,hotéis
1713,hotéis
1714,hotéis
1715,saúde e bem-estar
1716,restaurantes
1717,saúde e bem-estar
1718,saúde e bem-estar
1719,restaurantes
1720,saúde e bem-estar
1721,restaurantes
1722,saúde e bem-estar
1723,saúde e bem-estar
1724,saúde e bem-estar
1725,saúde e bem-estar
1726,saúde e bem-estar
1727,restaurantes
1728,saúde e bem-estar
1729,saúde e bem-estar
1730,saúde e bem-estar
1731,saúde e bem-estar
1732,saúde e bem-estar
1733,saúde e bem-estar
1734,saúde e bem-estar
1735,saúde e bem-estar
1736,saúde e bem-estar
1737,bares e baladas
1738,bares e baladas
1739,bares e baladas
1740,saúde e bem-estar
1741,restaurantes
1742,restaurantes
1743,restaurantes
1744,restaurantes
1745,restaurantes
1746,saúde e bem-estar
1747,saúde e bem-estar
1748,saúde e bem-estar
1749,saúde e bem-estar
1750,saúde e bem-estar
1751,restaurantes
1752,restaurantes
1753,restaurantes
1754,restaurantes
1755,restaurantes
1756,restaurantes
1757,restaurantes
1758,restaurantes
1759,bares e baladas
1760,bares e baladas
1761,bares e baladas
1762,restaurantes
1763,restaurantes
1764,restaurantes
1765,restaurantes
1766,restaurantes
1767,saúde e bem-estar
1768,saúde e bem-estar
1769,saúde e bem-estar
1770,saúde e bem-estar
1771,bares e baladas
1772,saúde e bem-estar
1773,saúde e bem-estar
1774,bares e baladas
1775,bares e baladas
1776,saúde e bem-estar
1777,bares e baladas
1778,bares e baladas
1779,bares e baladas
1780,saúde e bem-estar
1781,saúde e bem-estar
1782,bares e baladas
1783,saúde e bem-estar
1784,saúde e bem-estar
1785,saúde e bem-estar
1786,saúde e bem-estar
1787,saúde e bem-estar
1788,saúde e bem-estar
1789,saúde e bem-estar
1790,saúde e bem-estar
1791,saúde e bem-estar
1792,saúde e bem-estar
1793,saúde e bem-estar
1794,saúde e bem-estar
1795,saúde e bem-estar
1796,saúde e bem-estar
1797,hotéis
1798,saúde e bem-estar
1799,saúde e bem-estar
1800,saúde e bem-estar
1801,saúde e bem-estar
1802,restaurantes
1803,saúde e bem-estar
1804,saúde e bem-estar
1805,saúde e bem-estar
1806,saúde e bem-estar
1807,bares e baladas
1808,bares e baladas
1809,bares e baladas
1810,saúde e bem-estar
1811,restaurantes
1812,saúde e bem-estar
1813,saúde e bem-estar
1814,saúde e bem-estar
1815,saúde e bem-estar
1816,saúde e bem-estar
1817,saúde e bem-estar
1818,saúde e bem-estar
1819,saúde e bem-estar
1820,saúde e bem-estar
1821,saúde e bem-estar
1822,saúde e bem-estar
1823,saúde e bem-estar
1824,saúde e bem-estar
1825,saúde e bem-estar
1826,saúde e bem-estar
1827,saúde e bem-estar
1828,saúde e bem-estar
1829,saúde e bem-estar
1830,saúde e bem-estar
1831,saúde e bem-estar
1832,saúde e bem-estar
1833,saúde e bem-estar
1834,saúde e bem-estar
1835,saúde e bem-estar
1836,saúde e bem-estar
1837,saúde e bem-estar
1838,saúde e bem-estar
1839,saúde e bem-estar
1840,saúde e bem-estar
1841,saúde e bem-estar
1842,saúde e bem-estar
1843,saúde e bem-estar
1844,saúde e bem-estar
1845,saúde e bem-estar
1846,hotéis
1847,hotéis
1848,hotéis
1849,hotéis
1850,hotéis
1851,hotéis
1852,hotéis
1853,hotéis
1854,hotéis
1855,hotéis
1856,hotéis
1857,hotéis
1858,hotéis
1859,hotéis
1860,hotéis
1861,hotéis
1862,hotéis
1863,hotéis
1864,saúde e bem-estar
1865,hotéis
1866,bares e baladas
1867,saúde e bem-estar
1868,saúde e bem-estar
1869,saúde e bem-estar
1870,restaurantes
1871,saúde e bem-estar
1872,restaurantes
1873,saúde e bem-estar
1874,restaurantes
1875,saúde e bem-estar
1876,restaurantes
1877,saúde e bem-estar
1878,saúde e bem-estar
1879,saúde e bem-estar
1880,saúde e bem-estar
1881,saúde e bem-estar
1882,saúde e bem-estar
1883,saúde e bem-estar
1884,saúde e bem-estar
1885,saúde e bem-estar
1886,bares e baladas
1887,bares e baladas
1888,restaurantes
1889,restaurantes
1890,restaurantes
1891,restaurantes
1892,restaurantes
1893,saúde e bem-estar
1894,saúde e bem-estar
1895,saúde e bem-estar
1896,saúde e bem-estar
1897,saúde e bem-estar
1898,bares e baladas
1899,saúde e bem-estar
1900,saúde e bem-estar
1901,saúde e bem-estar
1902,restaurantes
1903,restaurantes
1904,restaurantes
1905,restaurantes
1906,restaurantes
1907,restaurantes
1908,restaurantes
1909,restaurantes
1910,restaurantes
1911,restaurantes
1912,bares e baladas
1913,restaurantes
1914,restaurantes
1915,bares e baladas
1916,bares e baladas
1917,restaurantes
1918,restaurantes
1919,restaurantes
1920,restaurantes
1921,restaurantes
1922,saúde e bem-estar
1923,saúde e bem-estar
1924,saúde e bem-estar
1925,saúde e bem-estar
1926,bares e baladas
1927,bares e baladas
1928,bares e baladas
1929,bares e baladas
1930,bares e baladas
1931,saúde e bem-estar
1932,saúde e bem-estar
1933,bares e baladas
1934,restaurantes
1935,saúde e bem-estar
1936,saúde e bem-estar
1937,saúde e bem-estar
1938,saúde e bem-estar
1939,saúde e bem-estar
1940,saúde e bem-estar
1941,saúde e bem-estar
1942,saúde e bem-estar
1943,saúde e bem-estar
1944,saúde e bem-estar
1945,saúde e bem-estar
1946,saúde e bem-estar
1947,saúde e bem-estar
1948,saúde e bem-estar
1949,saúde e bem-estar
1950,saúde e bem-estar
1951,saúde e bem-estar
1952,saúde e bem-estar
1953,saúde e bem-estar
1954,saúde e bem-estar
1955,saúde e bem-estar
1956,saúde e bem-estar
1957,saúde e bem-estar
1958,bares e baladas
1959,bares e baladas
1960,bares e baladas
1961,bares e baladas
1962,saúde e bem-estar
1963,saúde e bem-estar
1964,restaurantes
1965,saúde e bem-estar
1966,saúde e bem-estar
1967,saúde e bem-estar
1968,saúde e bem-estar
1969,saúde e bem-estar
1970,saúde e bem-estar
1971,saúde e bem-estar
1972,saúde e bem-estar
1973,saúde e bem-estar
1974,saúde e bem-estar
1975,saúde e bem-estar
1976,saúde e bem-estar
1977,saúde e bem-estar
1978,saúde e bem-estar
1979,saúde e bem-estar
1980,saúde e bem-estar
1981,saúde e bem-estar
1982,saúde e bem-estar
1983,bares e baladas
1984,saúde e bem-estar
1985,saúde e bem-estar
1986,saúde e bem-estar
1987,saúde e bem-estar
1988,saúde e bem-estar
1989,saúde e bem-estar
1990,saúde e bem-estar
1991,saúde e bem-estar
1992,saúde e bem-estar
1993,saúde e bem-estar
1994,saúde e bem-estar
1995,saúde e bem-estar
1996,saúde e bem-estar
1997,saúde e bem-estar
1998,hotéis
1999,hotéis
2000,hotéis
2001,hotéis
2002,hotéis
2003,hotéis
2004,hotéis
2005,hotéis
2006,hotéis
2007,hotéis
2008,hotéis
2009,hotéis
2010,hotéis
2011,hotéis
2012,hotéis
2013,hotéis
2014,hotéis
2015,hotéis
2016,hotéis
2017,saúde e bem-estar
2018,saúde e bem-estar
2019,saúde e bem-estar
2020,saúde e bem-estar
2021,restaurantes
2022,restaurantes
2023,saúde e bem-estar
2024,restaurantes
2025,restaurantes
2026,restaurantes
2027,saúde e bem-estar
2028,restaurantes
2029,restaurantes
2030,saúde e bem-estar
2031,saúde e bem-estar
2032,saúde e bem-estar
2033,saúde e bem-estar
2034,saúde e bem-estar
2035,saúde e bem-estar
2036,saúde e bem-estar
2037,saúde e bem-estar
2038,saúde e bem-estar
2039,saúde e bem-estar
2040,saúde e bem-estar
2041,bares e baladas
2042,bares e baladas
2043,restaurantes
2044,restaurantes
2045,restaurantes
2046,restaurantes
2047,restaurantes
2048,saúde e bem-estar
2049,saúde e bem-estar
2050,restaurantes
2051,saúde e bem-estar
2052,saúde e bem-estar
2053,saúde e bem-estar
2054,restaurantes
2055,restaurantes
2056,restaurantes
2057,restaurantes
2058,restaurantes
2059,restaurantes
2060,restaurantes
2061,restaurantes
2062,restaurantes
2063,bares e baladas
2064,bares e baladas
2065,bares e baladas
2066,restaurantes
2067,restaurantes
2068,restaurantes
2069,restaurantes
2070,restaurantes
2071,restaurantes
2072,restaurantes
2073,saúde e bem-estar
2074,saúde e bem-estar
2075,saúde e bem-estar
2076,saúde e bem-estar
2077,saúde e bem-estar
2078,saúde e bem-estar
2079,bares e baladas
2080,bares e baladas
2081,bares e baladas
2082,bares e baladas
2083,bares e baladas
2084,restaurantes
2085,saúde e bem-estar
2086,restaurantes
2087,saúde e bem-estar
2088,saúde e bem-estar
2089,saúde e bem-estar
2090,saúde e bem-estar
2091,saúde e bem-estar
2092,saúde e bem-estar
2093,saúde e bem-estar
2094,saúde e bem-estar
2095,saúde e bem-estar
2096,saúde e bem-estar
2097,restaurantes
2098,saúde e bem-estar
2099,saúde e bem-estar
2100,saúde e bem-estar
2101,saúde e bem-estar
2102,saúde e bem-estar
2103,restaurantes
2104,restaurantes
2105,saúde e bem-estar
2106,saúde e bem-estar
2107,bares e baladas
2108,bares e baladas
2109,bares e baladas
2110,bares e baladas
2111,bares e baladas
2112,restaurantes
2113,bares e baladas
2114,saúde e bem-estar
2115,saúde e bem-estar
2116,saúde e bem-estar
2117,saúde e bem-estar
2118,saúde e bem-estar
2119,saúde e bem-estar
2120,saúde e bem-estar
2121,saúde e bem-estar
2122,saúde e bem-estar
2123,saúde e bem-estar
2124,saúde e bem-estar
2125,saúde e bem-estar
2126,saúde e bem-estar
2127,saúde e bem-estar
2128,saúde e bem-estar
2129,saúde e bem-estar
2130,saúde e bem-estar
2131,saúde e bem-estar
2132,saúde e bem-estar
2133,saúde e bem-estar
2134,saúde e bem-estar
2135,saúde e bem-estar
2136,saúde e bem-estar
2137,saúde e bem-estar
2138,bares e baladas
2139,saúde e bem-estar
2140,saúde e bem-estar
2141,saúde e bem-estar
2142,saúde e bem-estar
2143,saúde e bem-estar
2144,saúde e bem-estar
2145,saúde e bem-estar
2146,saúde e bem-estar
2147,saúde e bem-estar
2148,saúde e bem-estar
2149,saúde e bem-estar
2150,saúde e bem-estar
2151,hotéis
2152,hotéis
2153,hotéis
2154,hotéis
2155,hotéis
2156,hotéis
2157,hotéis
2158,hotéis
2159,hotéis
2160,hotéis
2161,hotéis
2162,hotéis
2163,hotéis
2164,hotéis
2165,hotéis
2166,hotéis
2167,hotéis
2168,hotéis
2169,saúde e bem-estar
2170,saúde e bem-estar
2171,saúde e bem-estar
2172,restaurantes
2173,saúde e bem-estar
2174,restaurantes
2175,bares e baladas
2176,bares e baladas
2177,cafés
2178,restaurantes
2179,restaurantes
2180,bares e baladas
2181,restaurantes
2182,restaurantes
2183,restaurantes
2184,restaurantes
2185,restaurantes
2186,saúde e bem-estar
2187,saúde e bem-estar
2188,saúde e bem-estar
2189,saúde e bem-estar
2190,saúde e bem-estar
2191,saúde e bem-estar
2192,restaurantes
2193,restaurantes
2194,restaurantes
2195,restaurantes
2196,restaurantes
2197,restaurantes
2198,restaurantes
2199,restaurantes
2200,saúde e bem-estar
2201,bares e baladas
2202,restaurantes
2203,restaurantes
2204,restaurantes
2205,restaurantes
2206,restaurantes
2207,restaurantes
2208,restaurantes
2209,saúde e bem-estar
2210,saúde e bem-estar
2211,saúde e bem-estar
2212,saúde e bem-estar
2213,bares e baladas
2214,bares e baladas
2215,saúde e bem-estar
2216,bares e baladas
2217,bares e baladas
2218,restaurantes
2219,saúde e bem-estar
2220,saúde e bem-estar
2221,restaurantes
2222,saúde e bem-estar
2223,saúde e bem-estar
2224,saúde e bem-estar
2225,saúde e bem-estar
2226,saúde e bem-estar
2227,saúde e bem-estar
2228,saúde e bem-estar
2229,saúde e bem-estar
2230,saúde e bem-estar
2231,saúde e bem-estar
2232,saúde e bem-estar
2233,saúde e bem-estar
2234,saúde e bem-estar
2235,saúde e bem-estar
2236,saúde e bem-estar
2237,saúde e bem-estar
2238,saúde e bem-estar
2239,saúde e bem-estar
2240,saúde e bem-estar
2241,bares e baladas
2242,saúde e bem-estar
2243,bares e baladas
2244,saúde e bem-estar
2245,restaurantes
2246,saúde e bem-estar
2247,saúde e bem-estar
2248,saúde e bem-estar
2249,restaurantes
2250,saúde e bem-estar
2251,restaurantes
2252,saúde e bem-estar
2253,saúde e bem-estar
2254,saúde e bem-estar
2255,saúde e bem-estar
2256,saúde e bem-estar
2257,saúde e bem-estar
2258,saúde e bem-estar
2259,saúde e bem-estar
2260,saúde e bem-estar
2261,saúde e bem-estar
2262,saúde e bem-estar
2263,saúde e bem-estar
2264,saúde e bem-estar
2265,saúde e bem-estar
2266,saúde e bem-estar
2267,saúde e bem-estar
2268,saúde e bem-estar
2269,saúde e bem-estar
2270,saúde e bem-estar
2271,saúde e bem-estar
2272,saúde e bem-estar
2273,bares e baladas
2274,saúde e bem-estar
2275,saúde e bem-estar
2276,saúde e bem-estar
2277,saúde e bem-estar
2278,saúde e bem-estar
2279,saúde e bem-estar
2280,saúde e bem-estar
2281,saúde e bem-estar
2282,saúde e bem-estar
2283,hotéis
2284,hotéis
2285,hotéis
2286,hotéis
2287,hotéis
2288,hotéis
2289,hotéis
2290,hotéis
2291,hotéis
2292,hotéis
2293,hotéis
2294,hotéis
2295,hotéis
2296,hotéis
2297,hotéis
2298,hotéis
2299,hotéis
2300,hotéis
2301,hotéis
2302,hotéis
2303,saúde e bem-estar
2304,saúde e bem-estar
2305,saúde e bem-estar
2306,saúde e bem-estar
2307,restaurantes
2308,cafés
2309,saúde e bem-estar
2310,restaurantes
2311,saúde e bem-estar
2312,saúde e bem-estar
2313,saúde e bem-estar
2314,restaurantes
2315,saúde e bem-estar
2316,saúde e bem-estar
2317,saúde e bem-estar
2318,saúde e bem-estar
2319,saúde e bem-estar
2320,saúde e bem-estar
2321,saúde e bem-estar
2322,saúde e bem-estar
2323,saúde e bem-estar
2324,saúde e bem-estar
2325,saúde e bem-estar
2326,saúde e bem-estar
2327,restaurantes
2328,bares e baladas
2329,restaurantes
2330,restaurantes
2331,restaurantes
2332,restaurantes
2333,restaurantes
2334,restaurantes
2335,saúde e bem-estar
2336,saúde e bem-estar
2337,restaurantes
2338,saúde e bem-estar
2339,saúde e bem-estar
2340,restaurantes
2341,restaurantes
2342,restaurantes
2343,restaurantes
2344,restaurantes
2345,restaurantes
2346,restaurantes
2347,restaurantes
2348,bares e baladas
2349,restaurantes
2350,bares e baladas
2351,bares e baladas
2352,restaurantes
2353,restaurantes
2354,restaurantes
2355,restaurantes
2356,restaurantes
2357,saúde e bem-estar
2358,saúde e bem-estar
2359,saúde e bem-estar
2360,bares e baladas
2361,bares e baladas
2362,bares e baladas
2363,bares e baladas
2364,restaurantes
2365,restaurantes
2366,saúde e bem-estar
2367,saúde e bem-estar
2368,restaurantes
2369,saúde e bem-estar
2370,saúde e bem-estar
2371,restaurantes
2372,saúde e bem-estar
2373,saúde e bem-estar
2374,saúde e bem-estar
2375,saúde e bem-estar
2376,saúde e bem-estar
2377,saúde e bem-estar
2378,saúde e bem-estar
2379,saúde e bem-estar
2380,saúde e bem-estar
2381,saúde e bem-estar
2382,bares e baladas
2383,bares e baladas
2384,bares e baladas
2385,saúde e bem-estar
2386,saúde e bem-estar
2387,saúde e bem-estar
2388,saúde e bem-estar
2389,saúde e bem-estar
2390,saúde e bem-estar
2391,saúde e bem-estar
2392,saúde e bem-estar
2393,saúde e bem-estar
2394,saúde e bem-estar
2395,saúde e bem-estar
2396,saúde e bem-estar
2397,saúde e bem-estar
2398,saúde e bem-estar
2399,saúde e bem-estar
2400,saúde e bem-estar
2401,saúde e bem-estar
2402,saúde e bem-estar
2403,saúde e bem-estar
2404,saúde e bem-estar
2405,saúde e bem-estar
2406,saúde e bem-estar
2407,saúde e bem-estar
2408,saúde e bem-estar
2409,saúde e bem-estar
2410,saúde e bem-estar
2411,saúde e bem-estar
2412,bares e baladas
2413,saúde e bem-estar
2414,saúde e bem-estar
2415,saúde e bem-estar
2416,saúde e bem-estar
2417,saúde e bem-estar
2418,saúde e bem-estar
2419,saúde e bem-estar
2420,hotéis
2421,hotéis
2422,hotéis
2423,hotéis
2424,hotéis
2425,hotéis
2426,saúde e bem-estar
2427,hotéis
2428,hotéis
2429,hotéis
2430,hotéis
2431,hotéis
2432,hotéis
2433,hotéis
2434,hotéis
2435,hotéis
2436,hotéis
2437,hotéis
2438,hotéis
2439,saúde e bem-estar
2440,saúde e bem-estar
2441,saúde e bem-estar
2442,restaurantes
2443,saúde e bem-estar
2444,restaurantes
2445,restaurantes
2446,saúde e bem-estar
2447,saúde e bem-estar
2448,restaurantes
2449,saúde e bem-estar
2450,saúde e bem-estar
2451,saúde e bem-estar
2452,saúde e bem-estar
2453,saúde e bem-estar
2454,saúde e bem-estar
2455,saúde e bem-estar
2456,saúde e bem-estar
2457,saúde e bem-estar
2458,hotéis
2459,saúde e bem-estar
2460,saúde e bem-estar
2461,bares e baladas
2462,restaurantes
2463,restaurantes
2464,restaurantes
2465,bares e baladas
2466,restaurantes
2467,saúde e bem-estar
2468,saúde e bem-estar
2469,saúde e bem-estar
2470,saúde e bem-estar
2471,saúde e bem-estar
2472,restaurantes
2473,restaurantes
2474,restaurantes
2475,restaurantes
2476,restaurantes
2477,restaurantes
2478,restaurantes
2479,restaurantes
2480,saúde e bem-estar
2481,saúde e bem-estar
2482,restaurantes
2483,restaurantes
2484,restaurantes
2485,restaurantes
2486,restaurantes
2487,saúde e bem-estar
2488,saúde e bem-estar
2489,bares e baladas
2490,bares e baladas
2491,restaurantes
2492,saúde e bem-estar
2493,saúde e bem-estar
2494,saúde e bem-estar
2495,saúde e bem-estar
2496,saúde e bem-estar
2497,saúde e bem-estar
2498,saúde e bem-estar
2499,saúde e bem-estar
2500,saúde e bem-estar
2501,saúde e bem-estar
2502,restaurantes
2503,restaurantes
2504,cafés
2505,saúde e bem-estar
2506,saúde e bem-estar
2507,saúde e bem-estar
2508,saúde e bem-estar
2509,saúde e bem-estar
2510,saúde e bem-estar
2511,saúde e bem-estar
2512,saúde e bem-estar
2513,saúde e bem-estar
2514,saúde e bem-estar
2515,saúde e bem-estar
2516,saúde e bem-estar
2517,saúde e bem-estar
2518,saúde e bem-estar
2519,saúde e bem-estar
2520,bares e baladas
2521,bares e baladas
2522,saúde e bem-estar
2523,saúde e bem-estar
2524,saúde e bem-estar
2525,saúde e bem-estar
2526,saúde e bem-estar
2527,saúde e bem-estar
2528,saúde e bem-estar
2529,saúde e bem-estar
2530,saúde e bem-estar
2531,hotéis
2532,hotéis
2533,hotéis
2534,hotéis
2535,hotéis
2536,hotéis
2537,hotéis
2538,hotéis
2539,hotéis
2540,saúde e bem-estar
2541,hotéis
2542,hotéis
2543,saúde e bem-estar
2544,saúde e bem-estar
2545,restaurantes
2546,restaurantes
2547,restaurantes
2548,restaurantes
2549,saúde e bem-estar
2550,saúde e bem-estar
2551,restaurantes
2552,saúde e bem-estar
2553,saúde e bem-estar
2554,saúde e bem-estar
2555,saúde e bem-estar
2556,saúde e bem-estar
2557,saúde e bem-estar
2558,saúde e bem-estar
2559,bares e baladas
2560,restaurantes
2561,restaurantes
2562,restaurantes
2563,restaurantes
2564,restaurantes
2565,saúde e bem-estar
2566,restaurantes
2567,saúde e bem-estar
2568,saúde e bem-estar
2569,restaurantes
2570,restaurantes
2571,restaurantes
2572,restaurantes
2573,restaurantes
2574,restaurantes
2575,restaurantes
2576,restaurantes
2577,restaurantes
2578,restaurantes
2579,bares e baladas
2580,restaurantes
2581,restaurantes
2582,restaurantes
2583,restaurantes
2584,restaurantes
2585,restaurantes
2586,saúde e bem-estar
2587,saúde e bem-estar
2588,saúde e bem-estar
2589,saúde e bem-estar
2590,saúde e bem-estar
2591,saúde e bem-estar
2592,bares e baladas
2593,saúde e bem-estar
2594,saúde e bem-estar
2595,saúde e bem-estar
2596,restaurantes
2597,saúde e bem-estar
2598,saúde e bem-estar
2599,saúde e bem-estar
2600,saúde e bem-estar
2601,saúde e bem-estar
2602,saúde e bem-estar
2603,saúde e bem-estar
2604,saúde e bem-estar
2605,saúde e bem-estar
2606,saúde e bem-estar
2607,restaurantes
2608,restaurantes
2609,saúde e bem-estar
2610,saúde e bem-estar
2611,bares e baladas
2612,saúde e bem-estar
2613,restaurantes
2614,saúde e bem-estar
2615,saúde e bem-estar
2616,saúde e bem-estar
2617,saúde e bem-estar
2618,saúde e bem-estar
2619,saúde e bem-estar
2620,saúde e bem-estar
2621,saúde e bem-estar
2622,saúde e bem-estar
2623,saúde e bem-estar
2624,saúde e bem-estar
2625,saúde e bem-estar
2626,saúde e bem-estar
2627,saúde e bem-estar
2628,saúde e bem-estar
2629,saúde e bem-estar
2630,saúde e bem-estar
2631,saúde e bem-estar
2632,saúde e bem-estar
2633,saúde e bem-estar
2634,saúde e bem-estar
2635,saúde e bem-estar
2636,saúde e bem-estar
2637,saúde e bem-estar
2638,saúde e bem-estar
2639,hotéis
2640,hotéis
2641,hotéis
2642,hotéis
2643,hotéis
2644,hotéis
2645,hotéis
2646,hotéis
2647,hotéis
2648,hotéis
2649,hotéis
2650,hotéis
2651,hotéis
2652,hotéis
2653,hotéis
2654,saúde e bem-estar
2655,saúde e bem-estar
2656,restaurantes
2657,restaurantes
2658,saúde e bem-estar
2659,saúde e bem-estar
2660,saúde e bem-estar
2661,restaurantes
2662,saúde e bem-estar
2663,saúde e bem-estar
2664,saúde e bem-estar
2665,saúde e bem-estar
2666,saúde e bem-estar
2667,saúde e bem-estar
2668,bares e baladas
2669,bares e baladas
2670,bares e baladas
2671,restaurantes
2672,restaurantes
2673,restaurantes
2674,restaurantes
2675,restaurantes
2676,saúde e bem-estar
2677,saúde e bem-estar
2678,saúde e bem-estar
2679,saúde e bem-estar
2680,saúde e bem-estar
2681,restaurantes
2682,restaurantes
2683,restaurantes
2684,restaurantes
2685,restaurantes
2686,restaurantes
2687,saúde e bem-estar
2688,restaurantes
2689,restaurantes
2690,restaurantes
2691,restaurantes
2692,restaurantes
2693,restaurantes
2694,restaurantes
2695,restaurantes
2696,restaurantes
2697,saúde e bem-estar
2698,saúde e bem-estar
2699,saúde e bem-estar
2700,saúde e bem-estar
2701,saúde e bem-estar
2702,bares e baladas
2703,bares e baladas
2704,bares e baladas
2705,restaurantes
2706,saúde e bem-estar
2707,restaurantes
2708,saúde e bem-estar
2709,saúde e bem-estar
2710,saúde e bem-estar
2711,saúde e bem-estar
2712,saúde e bem-estar
2713,saúde e bem-estar
2714,bares e baladas
2715,saúde e bem-estar
2716,hotéis
2717,saúde e bem-estar
2718,saúde e bem-estar
2719,saúde e bem-estar
2720,bares e baladas
2721,bares e baladas
2722,bares e baladas
2723,saúde e bem-estar
2724,hotéis
2725,restaurantes
2726,bares e baladas
2727,saúde e bem-estar
2728,saúde e bem-estar
2729,saúde e bem-estar
2730,saúde e bem-estar
2731,saúde e bem-estar
2732,saúde e bem-estar
2733,saúde e bem-estar
2734,saúde e bem-estar
2735,saúde e bem-estar
2736,saúde e bem-estar
2737,bares e baladas
2738,saúde e bem-estar
2739,saúde e bem-estar
2740,saúde e bem-estar
2741,saúde e bem-estar
2742,saúde e bem-estar
2743,saúde e bem-estar
2744,saúde e bem-estar
2745,saúde e bem-estar
2746,saúde e bem-estar
2747,saúde e bem-estar
2748,saúde e bem-estar
2749,saúde e bem-estar
2750,saúde e bem-estar
2751,saúde e bem-estar
2752,saúde e bem-estar
2753,saúde e bem-estar
2754,saúde e bem-estar
2755,hotéis
2756,hotéis
2757,hotéis
2758,hotéis
2759,hotéis
2760,hotéis
2761,hotéis
2762,hotéis
2763,hotéis
2764,hotéis
2765,hotéis
2766,hotéis
2767,hotéis
2768,hotéis
2769,hotéis
2770,hotéis
2771,saúde e bem-estar
2772,bares e baladas
2773,restaurantes
2774,restaurantes
2775,saúde e bem-estar
2776,restaurantes
2777,restaurantes
2778,saúde e bem-estar
2779,saúde e bem-estar
2780,saúde e bem-estar
2781,saúde e bem-estar
2782,saúde e bem-estar
2783,saúde e bem-estar
2784,saúde e bem-estar
2785,saúde e bem-estar
2786,saúde e bem-estar
2787,restaurantes
2788,restaurantes
2789,restaurantes
2790,restaurantes
2791,restaurantes
2792,saúde e bem-estar
2793,saúde e bem-estar
2794,saúde e bem-estar
2795,saúde e bem-estar
2796,saúde e bem-estar
2797,saúde e bem-estar
2798,saúde e bem-estar
2799,restaurantes
2800,restaurantes
2801,restaurantes
2802,restaurantes
2803,restaurantes
2804,restaurantes
2805,restaurantes
2806,restaurantes
2807,restaurantes
2808,restaurantes
2809,restaurantes
2810,restaurantes
2811,restaurantes
2812,bares e baladas
2813,saúde e bem-estar
2814,restaurantes
2815,restaurantes
2816,restaurantes
2817,restaurantes
2818,restaurantes
2819,saúde e bem-estar
2820,saúde e bem-estar
2821,saúde e bem-estar
2822,saúde e bem-estar
2823,saúde e bem-estar
2824,saúde e bem-estar
2825,bares e baladas
2826,saúde e bem-estar
2827,saúde e bem-estar
2828,bares e baladas
2829,bares e baladas
2830,bares e baladas
2831,restaurantes
2832,hotéis
2833,saúde e bem-estar
2834,restaurantes
2835,saúde e bem-estar
2836,saúde e bem-estar
2837,saúde e bem-estar
2838,saúde e bem-estar
2839,saúde e bem-estar
2840,saúde e bem-estar
2841,restaurantes
2842,saúde e bem-estar
2843,saúde e bem-estar
2844,saúde e bem-estar
2845,saúde e bem-estar
2846,saúde e bem-estar
2847,saúde e bem-estar
2848,saúde e bem-estar
2849,bares e baladas
2850,hotéis
2851,bares e baladas
2852,bares e baladas
2853,bares e baladas
2854,saúde e bem-estar
2855,saúde e bem-estar
2856,saúde e bem-estar
2857,saúde e bem-estar
2858,saúde e bem-estar
2859,saúde e bem-estar
2860,saúde e bem-estar
2861,saúde e bem-estar
2862,saúde e bem-estar
2863,saúde e bem-estar
2864,saúde e bem-estar
2865,saúde e bem-estar
2866,saúde e bem-estar
2867,saúde e bem-estar
2868,saúde e bem-estar
2869,saúde e bem-estar
2870,saúde e bem-estar
2871,bares e baladas
2872,saúde e bem-estar
2873,saúde e bem-estar
2874,saúde e bem-estar
2875,saúde e bem-estar
2876,saúde e bem-estar
2877,saúde e bem-estar
2878,saúde e bem-estar
2879,saúde e bem-estar
2880,saúde e bem-estar
2881,saúde e bem-estar
2882,saúde e bem-estar
2883,hotéis
2884,hotéis
2885,hotéis
2886,hotéis
2887,hotéis
2888,hotéis
2889,hotéis
2890,hotéis
2891,hotéis
2892,hotéis
2893,hotéis
2894,saúde e bem-estar
2895,hotéis
2896,saúde e bem-estar
2897,restaurantes
2898,restaurantes
2899,restaurantes
2900,saúde e bem-estar
2901,restaurantes
2902,saúde e bem-estar
2903,saúde e bem-estar
2904,bares e baladas
2905,bares e baladas
2906,restaurantes
2907,restaurantes
2908,restaurantes
2909,restaurantes
2910,restaurantes
2911,saúde e bem-estar
2912,saúde e bem-estar
2913,saúde e bem-estar
2914,restaurantes
2915,saúde e bem-estar
2916,restaurantes
2917,restaurantes
2918,restaurantes
2919,restaurantes
2920,restaurantes
2921,restaurantes
2922,restaurantes
2923,restaurantes
2924,restaurantes
2925,restaurantes
2926,bares e baladas
2927,bares e baladas
2928,saúde e bem-estar
2929,bares e baladas
2930,bares e baladas
2931,restaurantes
2932,restaurantes
2933,restaurantes
2934,restaurantes
2935,saúde e bem-estar
2936,saúde e bem-estar
2937,saúde e bem-estar
2938,saúde e bem-estar
2939,saúde e bem-estar
2940,saúde e bem-estar
2941,bares e baladas
2942,bares e baladas
2943,bares e baladas
2944,hotéis
2945,saúde e bem-estar
2946,saúde e bem-estar
2947,saúde e bem-estar
2948,saúde e bem-estar
2949,saúde e bem-estar
2950,saúde e bem-estar
2951,saúde e bem-estar
2952,saúde e bem-estar
2953,saúde e bem-estar
2954,saúde e bem-estar
2955,saúde e bem-estar
2956,saúde e bem-estar
2957,saúde e bem-estar
2958,saúde e bem-estar
2959,saúde e bem-estar
2960,saúde e bem-estar
2961,saúde e bem-estar
2962,bares e baladas
2963,bares e baladas
2964,bares e baladas
2965,saúde e bem-estar
2966,bares e baladas
2967,saúde e bem-estar
2968,saúde e bem-estar
2969,saúde e bem-estar
2970,saúde e bem-estar
2971,saúde e bem-estar
2972,saúde e bem-estar
2973,saúde e bem-estar
2974,saúde e bem-estar
2975,saúde e bem-estar
2976,saúde e bem-estar
2977,saúde e bem-estar
2978,saúde e bem-estar
2979,saúde e bem-estar
2980,saúde e bem-estar
2981,bares e baladas
2982,saúde e bem-estar
2983,saúde e bem-estar
2984,bares e baladas
2985,saúde e bem-estar
2986,saúde e bem-estar
2987,saúde e bem-estar
2988,saúde e bem-estar
2989,saúde e bem-estar
2990,saúde e bem-estar
2991,saúde e bem-estar
2992,saúde e bem-estar
2993,saúde e bem-estar
2994,saúde e bem-estar
2995,hotéis
2996,hotéis
2997,hotéis
2998,hotéis
2999,hotéis
3000,hotéis
3001,hotéis
3002,hotéis
3003,hotéis
3004,hotéis
3005,hotéis
3006,hotéis
3007,hotéis
3008,hotéis
3009,hotéis
3010,hotéis
3011,hotéis
3012,hotéis
3013,hotéis
3014,saúde e bem-estar
3015,saúde e bem-estar
3016,saúde e bem-estar
3017,saúde e bem-estar
3018,restaurantes
3019,saúde e bem-estar
3020,restaurantes
3021,restaurantes
3022,saúde e bem-estar
3023,restaurantes
3024,saúde e bem-estar
3025,saúde e bem-estar
3026,saúde e bem-estar
3027,restaurantes
3028,saúde e bem-estar
3029,saúde e bem-estar
3030,saúde e bem-estar
3031,saúde e bem-estar
3032,saúde e bem-estar
3033,saúde e bem-estar
3034,saúde e bem-estar
3035,saúde e bem-estar
3036,saúde e bem-estar
3037,saúde e bem-estar
3038,bares e baladas
3039,restaurantes
3040,restaurantes
3041,restaurantes
3042,restaurantes
3043,restaurantes
3044,restaurantes
3045,saúde e bem-estar
3046,saúde e bem-estar
3047,saúde e bem-estar
3048,saúde e bem-estar
3049,saúde e bem-estar
3050,restaurantes
3051,restaurantes
3052,bares e baladas
3053,restaurantes
3054,restaurantes
3055,restaurantes
3056,restaurantes
3057,restaurantes
3058,restaurantes
3059,bares e baladas
3060,restaurantes
3061,restaurantes
3062,restaurantes
3063,restaurantes
3064,restaurantes
3065,saúde e bem-estar
3066,saúde e bem-estar
3067,saúde e bem-estar
3068,saúde e bem-estar
3069,saúde e bem-estar
3070,saúde e bem-estar
3071,saúde e bem-estar
3072,bares e baladas
3073,bares e baladas
3074,bares e baladas
3075,bares e baladas
3076,bares e baladas
3077,saúde e bem-estar
3078,restaurantes
3079,saúde e bem-estar
3080,restaurantes
3081,saúde e bem-estar
3082,saúde e bem-estar
3083,saúde e bem-estar
3084,saúde e bem-estar
3085,saúde e bem-estar
3086,saúde e bem-estar
3087,saúde e bem-estar
3088,saúde e bem-estar
3089,saúde e bem-estar
3090,saúde e bem-estar
3091,saúde e bem-estar
3092,saúde e bem-estar
3093,saúde e bem-estar
3094,saúde e bem-estar
3095,saúde e bem-estar
3096,saúde e bem-estar
3097,saúde e bem-estar
3098,saúde e bem-estar
3099,saúde e bem-estar
3100,saúde e bem-estar
3101,bares e baladas
3102,saúde e bem-estar
3103,saúde e bem-estar
3104,saúde e bem-estar
3105,saúde e bem-estar
3106,saúde e bem-estar
3107,saúde e bem-estar
3108,saúde e bem-estar
3109,saúde e bem-estar
3110,saúde e bem-estar
3111,saúde e bem-estar
3112,saúde e bem-estar
3113,saúde e bem-estar
3114,saúde e bem-estar
3115,saúde e bem-estar
3116,saúde e bem-estar
3117,saúde e bem-estar
3118,saúde e bem-estar
3119,saúde e bem-estar
3120,saúde e bem-estar
3121,saúde e bem-estar
3122,saúde e bem-estar
3123,saúde e bem-estar
3124,saúde e bem-estar
3125,saúde e bem-estar
3126,saúde e bem-estar
3127,saúde e bem-estar
3128,saúde e bem-estar
3129,bares e baladas
3130,saúde e bem-estar
3131,saúde e bem-estar
3132,saúde e bem-estar
3133,saúde e bem-estar
3134,saúde e bem-estar
3135,saúde e bem-estar
3136,saúde e bem-estar
3137,saúde e bem-estar
3138,saúde e bem-estar
3139,saúde e bem-estar
3140,saúde e bem-estar
3141,saúde e bem-estar
3142,saúde e bem-estar
3143,saúde e bem-estar
3144,saúde e bem-estar
3145,bares e baladas
3146,hotéis
3147,hotéis
3148,hotéis
3149,hotéis
3150,hotéis
3151,hotéis
3152,hotéis
3153,hotéis
3154,hotéis
3155,hotéis
3156,hotéis
3157,hotéis
3158,hotéis
3159,hotéis
3160,hotéis
3161,hotéis
3162,hotéis
3163,hotéis
3164,hotéis
3165,hotéis
3166,saúde e bem-estar
3167,saúde e bem-estar
3168,restaurantes
3169,restaurantes
3170,cafés
3171,saúde e bem-estar
3172,saúde e bem-estar
3173,saúde e bem-estar
3174,saúde e bem-estar
3175,saúde e bem-estar
3176,restaurantes
3177,saúde e bem-estar
3178,saúde e bem-estar
3179,saúde e bem-estar
3180,saúde e bem-estar
3181,saúde e bem-estar
3182,saúde e bem-estar
3183,saúde e bem-estar
3184,saúde e bem-estar
3185,saúde e bem-estar
3186,bares e baladas
3187,restaurantes
3188,restaurantes
3189,restaurantes
3190,restaurantes
3191,bares e baladas
3192,saúde e bem-estar
3193,saúde e bem-estar
3194,saúde e bem-estar
3195,saúde e bem-estar
3196,saúde e bem-estar
3197,restaurantes
3198,restaurantes
3199,restaurantes
3200,restaurantes
3201,restaurantes
3202,restaurantes
3203,restaurantes
3204,restaurantes
3205,restaurantes
3206,bares e baladas
3207,restaurantes
3208,bares e baladas
3209,bares e baladas
3210,restaurantes
3211,restaurantes
3212,restaurantes
3213,restaurantes
3214,restaurantes
3215,saúde e bem-estar
3216,saúde e bem-estar
3217,saúde e bem-estar
3218,bares e baladas
3219,bares e baladas
3220,restaurantes
3221,bares e baladas
3222,bares e baladas
3223,saúde e bem-estar
3224,saúde e bem-estar
3225,bares e baladas
3226,saúde e bem-estar
3227,saúde e bem-estar
3228,saúde e bem-estar
3229,saúde e bem-estar
3230,saúde e bem-estar
3231,saúde e bem-estar
3232,saúde e bem-estar
3233,saúde e bem-estar
3234,saúde e bem-estar
3235,saúde e bem-estar
3236,saúde e bem-estar
3237,saúde e bem-estar
3238,saúde e bem-estar
3239,saúde e bem-estar
3240,saúde e bem-estar
3241,saúde e bem-estar
3242,saúde e bem-estar
3243,saúde e bem-estar
3244,saúde e bem-estar
3245,saúde e bem-estar
3246,saúde e bem-estar
3247,saúde e bem-estar
3248,saúde e bem-estar
3249,saúde e bem-estar
3250,saúde e bem-estar
3251,saúde e bem-estar
3252,saúde e bem-estar
3253,saúde e bem-estar
3254,saúde e bem-estar
3255,saúde e bem-estar
3256,saúde e bem-estar
3257,saúde e bem-estar
3258,saúde e bem-estar
3259,saúde e bem-estar
3260,saúde e bem-estar
3261,saúde e bem-estar
3262,saúde e bem-estar
3263,saúde e bem-estar
3264,saúde e bem-estar
3265,saúde e bem-estar
3266,saúde e bem-estar
3267,saúde e bem-estar
3268,saúde e bem-estar
3269,saúde e bem-estar
3270,saúde e bem-estar
3271,saúde e bem-estar
3272,saúde e bem-estar
3273,saúde e bem-estar
3274,saúde e bem-estar
3275,saúde e bem-estar
3276,saúde e bem-estar
3277,saúde e bem-estar
3278,saúde e bem-estar
3279,saúde e bem-estar
3280,saúde e bem-estar
3281,bares e baladas
3282,saúde e bem-estar
3283,saúde e bem-estar
3284,saúde e bem-estar
3285,saúde e bem-estar
3286,saúde e bem-estar
3287,saúde e bem-estar
3288,hotéis
3289,hotéis
3290,hotéis
3291,hotéis
3292,hotéis
3293,hotéis
3294,hotéis
3295,hotéis
3296,hotéis
3297,hotéis
3298,hotéis
3299,hotéis
3300,hotéis
3301,hotéis
3302,hotéis
3303,hotéis
3304,hotéis
3305,hotéis
3306,saúde e bem-estar
3307,saúde e bem-estar
3308,hotéis
3309,saúde e bem-estar
3310,saúde e bem-estar
3311,saúde e bem-estar
3312,saúde e bem-estar
3313,saúde e bem-estar
3314,saúde e bem-estar
3315,saúde e bem-estar
3316,restaurantes
3317,saúde e bem-estar
3318,saúde e bem-estar
3319,saúde e bem-estar
3320,restaurantes
3321,saúde e bem-estar
3322,saúde e bem-estar
3323,saúde e bem-estar
3324,saúde e bem-estar
3325,saúde e bem-estar
3326,saúde e bem-estar
3327,saúde e bem-estar
3328,bares e baladas
3329,saúde e bem-estar
3330,bares e baladas
3331,restaurantes
3332,restaurantes
3333,restaurantes
3334,bares e baladas
3335,restaurantes
3336,saúde e bem-estar
3337,saúde e bem-estar
3338,saúde e bem-estar
3339,saúde e bem-estar
3340,restaurantes
3341,restaurantes
3342,restaurantes
3343,restaurantes
3344,restaurantes
3345,restaurantes
3346,restaurantes
3347,restaurantes
3348,restaurantes
3349,restaurantes
3350,restaurantes
3351,restaurantes
3352,restaurantes
3353,restaurantes
3354,saúde e bem-estar
3355,saúde e bem-estar
3356,saúde e bem-estar
3357,bares e baladas
3358,saúde e bem-estar
3359,bares e baladas
3360,bares e baladas
3361,bares e baladas
3362,bares e baladas
3363,restaurantes
3364,saúde e bem-estar
3365,restaurantes
3366,restaurantes
3367,saúde e bem-estar
3368,saúde e bem-estar
3369,saúde e bem-estar
3370,saúde e bem-estar
3371,saúde e bem-estar
3372,saúde e bem-estar
3373,saúde e bem-estar
3374,saúde e bem-estar
3375,saúde e bem-estar
3376,saúde e bem-estar
3377,saúde e bem-estar
3378,saúde e bem-estar
3379,saúde e bem-estar
3380,saúde e bem-estar
3381,saúde e bem-estar
3382,saúde e bem-estar
3383,saúde e bem-estar
3384,saúde e bem-estar
3385,saúde e bem-estar
3386,bares e baladas
3387,saúde e bem-estar
3388,saúde e bem-estar
3389,saúde e bem-estar
3390,restaurantes
3391,restaurantes
3392,saúde e bem-estar
3393,saúde e bem-estar
3394,saúde e bem-estar
3395,saúde e bem-estar
3396,saúde e bem-estar
3397,saúde e bem-estar
3398,saúde e bem-estar
3399,saúde e bem-estar
3400,saúde e bem-estar
3401,saúde e bem-estar
3402,saúde e bem-estar
3403,saúde e bem-estar
3404,saúde e bem-estar
3405,saúde e bem-estar
3406,saúde e bem-estar
3407,saúde e bem-estar
3408,saúde e bem-estar
3409,saúde e bem-estar
3410,saúde e bem-estar
3411,saúde e bem-estar
3412,saúde e bem-estar
3413,bares e baladas
3414,saúde e bem-estar
3415,saúde e bem-estar
3416,saúde e bem-estar
3417,saúde e bem-estar
3418,saúde e bem-estar
3419,saúde e bem-estar
3420,saúde e bem-estar
3421,saúde e bem-estar
3422,hotéis
3423,hotéis
3424,hotéis
3425,hotéis
3426,hotéis
3427,hotéis
3428,hotéis
3429,hotéis
3430,hotéis
3431,hotéis
3432,hotéis
3433,hotéis
3434,hotéis
3435,hotéis
3436,hotéis
3437,hotéis
3438,hotéis
3439,saúde e bem-estar
3440,saúde e bem-estar
3441,saúde e bem-estar
3442,restaurantes
3443,restaurantes
3444,saúde e bem-estar
3445,saúde e bem-estar
3446,restaurantes
3447,saúde e bem-estar
3448,saúde e bem-estar
3449,saúde e bem-estar
3450,saúde e bem-estar
3451,saúde e bem-estar
3452,saúde e bem-estar
3453,saúde e bem-estar
3454,saúde e bem-estar
3455,saúde e bem-estar
3456,saúde e bem-estar
3457,saúde e bem-estar
3458,saúde e bem-estar
3459,saúde e bem-estar
3460,restaurantes
3461,restaurantes
3462,restaurantes
3463,restaurantes
3464,restaurantes
3465,saúde e bem-estar
3466,saúde e bem-estar
3467,saúde e bem-estar
3468,saúde e bem-estar
3469,saúde e bem-estar
3470,restaurantes
3471,restaurantes
3472,restaurantes
3473,restaurantes
3474,restaurantes
3475,restaurantes
3476,restaurantes
3477,restaurantes
3478,restaurantes
3479,bares e baladas
3480,bares e baladas
3481,restaurantes
3482,restaurantes
3483,restaurantes
3484,restaurantes
3485,saúde e bem-estar
3486,saúde e bem-estar
3487,saúde e bem-estar
3488,saúde e bem-estar
3489,saúde e bem-estar
3490,saúde e bem-estar
3491,bares e baladas
3492,bares e baladas
3493,bares e baladas
3494,bares e baladas
3495,bares e baladas
3496,bares e baladas
3497,saúde e bem-estar
3498,restaurantes
3499,saúde e bem-estar
3500,saúde e bem-estar
3501,hotéis
3502,saúde e bem-estar
3503,saúde e bem-estar
3504,saúde e bem-estar
3505,saúde e bem-estar
3506,saúde e bem-estar
3507,saúde e bem-estar
3508,saúde e bem-estar
3509,saúde e bem-estar
3510,restaurantes
3511,saúde e bem-estar
3512,saúde e bem-estar
3513,saúde e bem-estar
3514,restaurantes
3515,bares e baladas
3516,saúde e bem-estar
3517,restaurantes
3518,saúde e bem-estar
3519,saúde e bem-estar
3520,saúde e bem-estar
3521,saúde e bem-estar
3522,cafés
3523,saúde e bem-estar
3524,saúde e bem-estar
3525,saúde e bem-estar
3526,saúde e bem-estar
3527,saúde e bem-estar
3528,saúde e bem-estar
3529,saúde e bem-estar
3530,saúde e bem-estar
3531,saúde e bem-estar
3532,saúde e bem-estar
3533,saúde e bem-estar
3534,saúde e bem-estar
3535,saúde e bem-estar
3536,saúde e bem-estar
3537,saúde e bem-estar
3538,saúde e bem-estar
3539,saúde e bem-estar
3540,saúde e bem-estar
3541,saúde e bem-estar
3542,saúde e bem-estar
3543,saúde e bem-estar
3544,saúde e bem-estar
3545,saúde e bem-estar
3546,saúde e bem-estar
3547,saúde e bem-estar
3548,hotéis
3549,hotéis
3550,hotéis
3551,hotéis
3552,hotéis
3553,hotéis
3554,hotéis
3555,hotéis
3556,hotéis
3557,hotéis
3558,hotéis
3559,hotéis
3560,hotéis
3561,hotéis
3562,saúde e bem-estar
3563,saúde e bem-estar
3564,saúde e bem-estar
3565,restaurantes
3566,restaurantes
3567,restaurantes
3568,restaurantes
3569,saúde e bem-estar
3570,saúde e bem-estar
3571,saúde e bem-estar
3572,saúde e bem-estar
3573,saúde e bem-estar
3574,saúde e bem-estar
3575,saúde e bem-estar
3576,saúde e bem-estar
3577,saúde e bem-estar
3578,saúde e bem-estar
3579,saúde e bem-estar
3580,restaurantes
3581,restaurantes
3582,restaurantes
3583,restaurantes
3584,restaurantes
3585,restaurantes
3586,saúde e bem-estar
3587,restaurantes
3588,restaurantes
3589,restaurantes
3590,bares e baladas
3591,restaurantes
3592,restaurantes
3593,restaurantes
3594,restaurantes
3595,bares e baladas
3596,saúde e bem-estar
3597,bares e baladas
3598,restaurantes
3599,restaurantes
3600,restaurantes
3601,restaurantes
3602,saúde e bem-estar
3603,saúde e bem-estar
3604,saúde e bem-estar
3605,saúde e bem-estar
3606,bares e baladas
3607,restaurantes
3608,bares e baladas
3609,bares e baladas
3610,bares e baladas
3611,saúde e bem-estar
3612,saúde e bem-estar
3613,restaurantes
3614,saúde e bem-estar
3615,saúde e bem-estar
3616,saúde e bem-estar
3617,saúde e bem-estar
3618,saúde e bem-estar
3619,saúde e bem-estar
3620,saúde e bem-estar
3621,saúde e bem-estar
3622,saúde e bem-estar
3623,saúde e bem-estar
3624,saúde e bem-estar
3625,saúde e bem-estar
3626,saúde e bem-estar
3627,saúde e bem-estar
3628,saúde e bem-estar
3629,saúde e bem-estar
3630,saúde e bem-estar
3631,saúde e bem-estar
3632,bares e baladas
3633,restaurantes
3634,saúde e bem-estar
3635,saúde e bem-estar
3636,saúde e bem-estar
3637,saúde e bem-estar
3638,saúde e bem-estar
3639,saúde e bem-estar
3640,saúde e bem-estar
3641,saúde e bem-estar
3642,saúde e bem-estar
3643,saúde e bem-estar
3644,saúde e bem-estar
3645,saúde e bem-estar
3646,saúde e bem-estar
3647,saúde e bem-estar
3648,saúde e bem-estar
3649,saúde e bem-estar
3650,saúde e bem-estar
3651,saúde e bem-estar
3652,saúde e bem-estar
3653,saúde e bem-estar
3654,saúde e bem-estar
3655,saúde e bem-estar
3656,saúde e bem-estar
3657,saúde e bem-estar
3658,saúde e bem-estar
3659,saúde e bem-estar
3660,saúde e bem-estar
3661,saúde e bem-estar
3662,saúde e bem-estar
3663,saúde e bem-estar
3664,saúde e bem-estar
3665,saúde e bem-estar
3666,saúde e bem-estar
3667,saúde e bem-estar
3668,saúde e bem-estar
3669,saúde e bem-estar
3670,saúde e bem-estar
3671,saúde e bem-estar
3672,saúde e bem-estar
3673,saúde e bem-estar
3674,saúde e bem-estar
3675,saúde e bem-estar
3676,hotéis
3677,hotéis
3678,hotéis
3679,hotéis
3680,hotéis
3681,hotéis
3682,hotéis
3683,hotéis
3684,hotéis
3685,hotéis
3686,hotéis
3687,hotéis
3688,hotéis
3689,hotéis
3690,hotéis
3691,saúde e bem-estar
3692,hotéis
3693,hotéis
3694,hotéis
3695,hotéis
3696,saúde e bem-estar
3697,restaurantes
3698,saúde e bem-estar
3699,restaurantes
3700,saúde e bem-estar
3701,saúde e bem-estar
3702,saúde e bem-estar
3703,saúde e bem-estar
3704,saúde e bem-estar
3705,saúde e bem-estar
3706,saúde e bem-estar
3707,saúde e bem-estar
3708,saúde e bem-estar
3709,saúde e bem-estar
3710,saúde e bem-estar
3711,saúde e bem-estar
3712,saúde e bem-estar
3713,saúde e bem-estar
3714,restaurantes
3715,restaurantes
3716,restaurantes
3717,restaurantes
3718,restaurantes
3719,saúde e bem-estar
3720,saúde e bem-estar
3721,saúde e bem-estar
3722,saúde e bem-estar
3723,saúde e bem-estar
3724,restaurantes
3725,restaurantes
3726,restaurantes
3727,restaurantes
3728,restaurantes
3729,restaurantes
3730,restaurantes
3731,restaurantes
3732,restaurantes
3733,saúde e bem-estar
3734,bares e baladas
3735,bares e baladas
3736,restaurantes
3737,restaurantes
3738,restaurantes
3739,restaurantes
3740,restaurantes
3741,saúde e bem-estar
3742,saúde e bem-estar
3743,saúde e bem-estar
3744,saúde e bem-estar
3745,saúde e bem-estar
3746,bares e baladas
3747,bares e baladas
3748,bares e baladas
3749,bares e baladas
3750,bares e baladas
3751,bares e baladas
3752,saúde e bem-estar
3753,restaurantes
3754,saúde e bem-estar
3755,saúde e bem-estar
3756,saúde e bem-estar
3757,saúde e bem-estar
3758,saúde e bem-estar
3759,saúde e bem-estar
3760,saúde e bem-estar
3761,saúde e bem-estar
3762,saúde e bem-estar
3763,saúde e bem-estar
3764,saúde e bem-estar
3765,saúde e bem-estar
3766,saúde e bem-estar
3767,saúde e bem-estar
3768,saúde e bem-estar
3769,bares e baladas
3770,saúde e bem-estar
3771,saúde e bem-estar
3772,saúde e bem-estar
3773,saúde e bem-estar
3774,saúde e bem-estar
3775,saúde e bem-estar
3776,saúde e bem-estar
3777,saúde e bem-estar
3778,saúde e bem-estar
3779,saúde e bem-estar
3780,saúde e bem-estar
3781,saúde e bem-estar
3782,saúde e bem-estar
3783,saúde e bem-estar
3784,saúde e bem-estar
3785,saúde e bem-estar
3786,saúde e bem-estar
3787,saúde e bem-estar
3788,saúde e bem-estar
3789,saúde e bem-estar
3790,saúde e bem-estar
3791,saúde e bem-estar
3792,saúde e bem-estar
3793,saúde e bem-estar
3794,saúde e bem-estar
3795,saúde e bem-estar
3796,saúde e bem-estar
3797,saúde e bem-estar
3798,saúde e bem-estar
3799,saúde e bem-estar
3800,saúde e bem-estar
3801,saúde e bem-estar
3802,saúde e bem-estar
3803,hotéis
3804,hotéis
3805,hotéis
3806,hotéis
3807,hotéis
3808,hotéis
3809,hotéis
3810,hotéis
3811,hotéis
3812,hotéis
3813,hotéis
3814,hotéis
3815,hotéis
3816,hotéis
3817,hotéis
3818,hotéis
3819,hotéis
3820,saúde e bem-estar
3821,saúde e bem-estar
3822,saúde e bem-estar
3823,saúde e bem-estar
3824,saúde e bem-estar
3825,saúde e bem-estar
3826,saúde e bem-estar
3827,restaurantes
3828,saúde e bem-estar
3829,saúde e bem-estar
3830,restaurantes
3831,saúde e bem-estar
3832,saúde e bem-estar
3833,saúde e bem-estar
3834,saúde e bem-estar
3835,saúde e bem-estar
3836,saúde e bem-estar
3837,saúde e bem-estar
3838,saúde e bem-estar
3839,saúde e bem-estar
3840,bares e baladas
3841,restaurantes
3842,restaurantes
3843,restaurantes
3844,restaurantes
3845,restaurantes
3846,saúde e bem-estar
3847,saúde e bem-estar
3848,saúde e bem-estar
3849,saúde e bem-estar
3850,saúde e bem-estar
3851,restaurantes
3852,restaurantes
3853,restaurantes
3854,restaurantes
3855,restaurantes
3856,restaurantes
3857,restaurantes
3858,restaurantes
3859,bares e baladas
3860,restaurantes
3861,saúde e bem-estar
3862,restaurantes
3863,restaurantes
3864,restaurantes
3865,restaurantes
3866,restaurantes
3867,saúde e bem-estar
3868,saúde e bem-estar
3869,saúde e bem-estar
3870,bares e baladas
3871,bares e baladas
3872,bares e baladas
3873,bares e baladas
3874,bares e baladas
3875,saúde e bem-estar
3876,saúde e bem-estar
3877,restaurantes
3878,saúde e bem-estar
3879,saúde e bem-estar
3880,saúde e bem-estar
3881,saúde e bem-estar
3882,saúde e bem-estar
3883,saúde e bem-estar
3884,saúde e bem-estar
3885,saúde e bem-estar
3886,saúde e bem-estar
3887,saúde e bem-estar
3888,saúde e bem-estar
3889,saúde e bem-estar
3890,saúde e bem-estar
3891,bares e baladas
3892,saúde e bem-estar
3893,saúde e bem-estar
3894,saúde e bem-estar
3895,restaurantes
3896,restaurantes
3897,saúde e bem-estar
3898,restaurantes
3899,saúde e bem-estar
3900,saúde e bem-estar
3901,saúde e bem-estar
3902,saúde e bem-estar
3903,saúde e bem-estar
3904,saúde e bem-estar
3905,saúde e bem-estar
3906,saúde e bem-estar
3907,saúde e bem-estar
3908,saúde e bem-estar
3909,saúde e bem-estar
3910,saúde e bem-estar
3911,saúde e bem-estar
3912,saúde e bem-estar
3913,saúde e bem-estar
3914,saúde e bem-estar
3915,saúde e bem-estar
3916,saúde e bem-estar
3917,saúde e bem-estar
3918,saúde e bem-estar
3919,saúde e bem-estar
3920,saúde e bem-estar
3921,saúde e bem-estar
3922,saúde e bem-estar
3923,saúde e bem-estar
3924,saúde e bem-estar
3925,saúde e bem-estar
3926,saúde e bem-estar
3927,saúde e bem-estar
3928,saúde e bem-estar
3929,hotéis
3930,hotéis
3931,hotéis
3932,hotéis
3933,hotéis
3934,hotéis
3935,hotéis
3936,hotéis
3937,hotéis
3938,hotéis
3939,hotéis
3940,hotéis
3941,hotéis
3942,hotéis
3943,hotéis
3944,hotéis
3945,hotéis
3946,saúde e bem-estar
3947,saúde e bem-estar
3948,saúde e bem-estar
3949,restaurantes
3950,restaurantes
3951,restaurantes
3952,restaurantes
3953,saúde e bem-estar
3954,restaurantes
3955,restaurantes
3956,saúde e bem-estar
3957,saúde e bem-estar
3958,saúde e bem-estar
3959,saúde e bem-estar
3960,saúde e bem-estar
3961,saúde e bem-estar
3962,saúde e bem-estar
3963,saúde e bem-estar
3964,saúde e bem-estar
3965,saúde e bem-estar
3966,saúde e bem-estar
3967,restaurantes
3968,restaurantes
3969,restaurantes
3970,bares e baladas
3971,restaurantes
3972,saúde e bem-estar
3973,saúde e bem-estar
3974,saúde e bem-estar
3975,saúde e bem-estar
3976,saúde e bem-estar
3977,saúde e bem-estar
3978,restaurantes
3979,restaurantes
3980,restaurantes
3981,restaurantes
3982,restaurantes
3983,restaurantes
3984,restaurantes
3985,restaurantes
3986,restaurantes
3987,restaurantes
3988,bares e baladas
3989,bares e baladas
3990,restaurantes
3991,restaurantes
3992,restaurantes
3993,restaurantes
3994,restaurantes
3995,saúde e bem-estar
3996,saúde e bem-estar
3997,saúde e bem-estar
3998,saúde e bem-estar
3999,saúde e bem-estar
4000,saúde e bem-estar
4001,bares e baladas
4002,bares e baladas
4003,bares e baladas
4004,bares e baladas
4005,bares e baladas
4006,restaurantes
4007,restaurantes
4008,saúde e bem-estar
4009,saúde e bem-estar
4010,saúde e bem-estar
4011,saúde e bem-estar
4012,cafés
4013,saúde e bem-estar
4014,saúde e bem-estar
4015,saúde e bem-estar
4016,saúde e bem-estar
4017,saúde e bem-estar
4018,saúde e bem-estar
4019,saúde e bem-estar
4020,saúde e bem-estar
4021,saúde e bem-estar
4022,saúde e bem-estar
4023,saúde e bem-estar
4024,saúde e bem-estar
4025,saúde e bem-estar
4026,restaurantes
4027,saúde e bem-estar
4028,saúde e bem-estar
4029,restaurantes
4030,bares e baladas
4031,bares e baladas
4032,restaurantes
4033,restaurantes
4034,restaurantes
4035,restaurantes
4036,saúde e bem-estar
4037,saúde e bem-estar
4038,saúde e bem-estar
4039,saúde e bem-estar
4040,saúde e bem-estar
4041,saúde e bem-estar
4042,saúde e bem-estar
4043,saúde e bem-estar
4044,saúde e bem-estar
4045,saúde e bem-estar
4046,saúde e bem-estar
4047,saúde e bem-estar
4048,saúde e bem-estar
4049,saúde e bem-estar
4050,saúde e bem-estar
4051,saúde e bem-estar
4052,saúde e bem-estar
4053,saúde e bem-estar
4054,saúde e bem-estar
4055,saúde e bem-estar
4056,saúde e bem-estar
4057,saúde e bem-estar
4058,saúde e bem-estar
4059,saúde e bem-estar
4060,saúde e bem-estar
4061,saúde e bem-estar
4062,saúde e bem-estar
4063,saúde e bem-estar
4064,saúde e bem-estar
4065,saúde e bem-estar
4066,saúde e bem-estar
4067,saúde e bem-estar
4068,saúde e bem-estar
4069,saúde e bem-estar
4070,saúde e bem-estar
4071,saúde e bem-estar
4072,saúde e bem-estar
4073,hotéis
4074,hotéis
4075,hotéis
4076,hotéis
4077,hotéis
4078,hotéis
4079,hotéis
4080,hotéis
4081,hotéis
4082,hotéis
4083,hotéis
4084,hotéis
4085,hotéis
4086,hotéis
4087,hotéis
4088,hotéis
4089,hotéis
4090,hotéis
4091,hotéis
4092,hotéis
4093,hotéis
4094,saúde e bem-estar
4095,saúde e bem-estar
4096,saúde e bem-estar
4097,saúde e bem-estar
4098,saúde e bem-estar
4099,restaurantes
4100,restaurantes
4101,restaurantes
4102,restaurantes
4103,saúde e bem-estar
4104,restaurantes
4105,saúde e bem-estar
4106,restaurantes
4107,saúde e bem-estar
4108,saúde e bem-estar
4109,saúde e bem-estar
4110,saúde e bem-estar
4111,saúde e bem-estar
4112,saúde e bem-estar
4113,saúde e bem-estar
4114,bares e baladas
4115,restaurantes
4116,bares e baladas
4117,restaurantes
4118,restaurantes
4119,restaurantes
4120,restaurantes
4121,restaurantes
4122,saúde e bem-estar
4123,saúde e bem-estar
4124,saúde e bem-estar
4125,saúde e bem-estar
4126,saúde e bem-estar
4127,hotéis
4128,restaurantes
4129,restaurantes
4130,saúde e bem-estar
4131,restaurantes
4132,restaurantes
4133,restaurantes
4134,restaurantes
4135,restaurantes
4136,restaurantes
4137,bares e baladas
4138,restaurantes
4139,restaurantes
4140,bares e baladas
4141,bares e baladas
4142,bares e baladas
4143,saúde e bem-estar
4144,restaurantes
4145,restaurantes
4146,restaurantes
4147,restaurantes
4148,restaurantes
4149,saúde e bem-estar
4150,saúde e bem-estar
4151,saúde e bem-estar
4152,saúde e bem-estar
4153,saúde e bem-estar
4154,bares e baladas
4155,bares e baladas
4156,saúde e bem-estar
4157,bares e baladas
4158,bares e baladas
4159,bares e baladas
4160,bares e baladas
4161,restaurantes
4162,bares e baladas
4163,saúde e bem-estar
4164,saúde e bem-estar
4165,saúde e bem-estar
4166,saúde e bem-estar
4167,saúde e bem-estar
4168,saúde e bem-estar
4169,saúde e bem-estar
4170,saúde e bem-estar
4171,saúde e bem-estar
4172,saúde e bem-estar
4173,saúde e bem-estar
4174,saúde e bem-estar
4175,saúde e bem-estar
4176,saúde e bem-estar
4177,saúde e bem-estar
4178,saúde e bem-estar
4179,saúde e bem-estar
4180,saúde e bem-estar
4181,saúde e bem-estar
4182,saúde e bem-estar
4183,saúde e bem-estar
4184,saúde e bem-estar
4185,saúde e bem-estar
4186,saúde e bem-estar
4187,saúde e bem-estar
4188,saúde e bem-estar
4189,bares e baladas
4190,bares e baladas
4191,bares e baladas
4192,bares e baladas
4193,bares e baladas
4194,saúde e bem-estar
4195,saúde e bem-estar
4196,restaurantes
4197,restaurantes
4198,saúde e bem-estar
4199,restaurantes
4200,saúde e bem-estar
4201,saúde e bem-estar
4202,saúde e bem-estar
4203,saúde e bem-estar
4204,saúde e bem-estar
4205,saúde e bem-estar
4206,saúde e bem-estar
4207,saúde e bem-estar
4208,saúde e bem-estar
4209,saúde e bem-estar
4210,saúde e bem-estar
4211,saúde e bem-estar
4212,saúde e bem-estar
4213,saúde e bem-estar
4214,saúde e bem-estar
4215,saúde e bem-estar
4216,saúde e bem-estar
4217,saúde e bem-estar
4218,saúde e bem-estar
4219,saúde e bem-estar
4220,saúde e bem-estar
4221,saúde e bem-estar
4222,saúde e bem-estar
4223,saúde e bem-estar
4224,saúde e bem-estar
4225,saúde e bem-estar
4226,saúde e bem-estar
4227,saúde e bem-estar
4228,saúde e bem-estar
4229,saúde e bem-estar
4230,saúde e bem-estar
4231,saúde e bem-estar
4232,saúde e bem-estar
4233,saúde e bem-estar
4234,saúde e bem-estar
4235,bares e baladas
4236,bares e baladas
4237,saúde e bem-estar
4238,saúde e bem-estar
4239,saúde e bem-estar
4240,restaurantes
4241,saúde e bem-estar
4242,saúde e bem-estar
4243,restaurantes
4244,saúde e bem-estar
4245,saúde e bem-estar
4246,bares e baladas
4247,saúde e bem-estar
4248,bares e baladas
4249,bares e baladas
4250,saúde e bem-estar
4251,saúde e bem-estar
4252,restaurantes
4253,saúde e bem-estar
4254,saúde e bem-estar
4255,restaurantes
4256,bares e baladas
4257,restaurantes
4258,restaurantes
4259,bares e baladas
4260,bares e baladas
4261,saúde e bem-estar
4262,saúde e bem-estar
4263,saúde e bem-estar
4264,saúde e bem-estar
4265,saúde e bem-estar
4266,restaurantes
4267,restaurantes
4268,saúde e bem-estar
4269,hotéis
4270,bares e baladas
4271,bares e baladas
4272,saúde e bem-estar
4273,saúde e bem-estar
4274,saúde e bem-estar
4275,saúde e bem-estar
4276,restaurantes
4277,saúde e bem-estar
4278,saúde e bem-estar
4279,saúde e bem-estar
4280,restaurantes
4281,restaurantes
4282,bares e baladas
4283,restaurantes
4284,restaurantes
4285,saúde e bem-estar
4286,bares e baladas
4287,saúde e bem-estar
4288,saúde e bem-estar
4289,saúde e bem-estar
4290,saúde e bem-estar
4291,bares e baladas
4292,restaurantes
4293,bares e baladas
4294,saúde e bem-estar
4295,bares e baladas
4296,bares e baladas
4297,saúde e bem-estar
4298,saúde e bem-estar
4299,saúde e bem-estar
4300,restaurantes
4301,bares e baladas
4302,saúde e bem-estar
4303,saúde e bem-estar
4304,restaurantes
4305,saúde e bem-estar
4306,saúde e bem-estar
4307,bares e baladas
4308,saúde e bem-estar
4309,saúde e bem-estar
4310,saúde e bem-estar
4311,saúde e bem-estar
4312,cafés
4313,saúde e bem-estar
4314,saúde e bem-estar
4315,restaurantes
4316,restaurantes
4317,restaurantes
4318,saúde e bem-estar
4319,saúde e bem-estar
4320,saúde e bem-estar
4321,saúde e bem-estar
4322,saúde e bem-estar
4323,saúde e bem-estar
4324,cafés
4325,saúde e bem-estar
4326,restaurantes
4327,saúde e bem-estar
4328,saúde e bem-estar
4329,saúde e bem-estar
4330,saúde e bem-estar
4331,saúde e bem-estar
4332,saúde e bem-estar
4333,saúde e bem-estar
4334,bares e baladas
4335,saúde e bem-estar
4336,restaurantes
4337,saúde e bem-estar
4338,saúde e bem-estar
4339,saúde e bem-estar
4340,saúde e bem-estar
4341,saúde e bem-estar
4342,saúde e bem-estar
4343,saúde e bem-estar
4344,saúde e bem-estar
4345,saúde e bem-estar
4346,saúde e bem-estar
4347,saúde e bem-estar
4348,saúde e bem-estar
4349,saúde e bem-estar
4350,saúde e bem-estar
4351,saúde e bem-estar
4352,saúde e bem-estar
4353,saúde e bem-estar
4354,saúde e bem-estar
4355,saúde e bem-estar
4356,saúde e bem-estar
4357,saúde e bem-estar
4358,bares e baladas
4359,saúde e bem-estar
4360,saúde e bem-estar
4361,saúde e bem-estar
4362,saúde e bem-estar
4363,saúde e bem-estar
4364,saúde e bem-estar
4365,saúde e bem-estar
4366,saúde e bem-estar
4367,saúde e bem-estar
4368,saúde e bem-estar
4369,saúde e bem-estar
4370,saúde e bem-estar
4371,saúde e bem-estar
4372,saúde e bem-estar
4373,saúde e bem-estar
4374,saúde e bem-estar
4375,saúde e bem-estar
4376,saúde e bem-estar
4377,saúde e bem-estar
4378,bares e baladas
4379,bares e baladas
4380,saúde e bem-estar
4381,saúde e bem-estar
4382,saúde e bem-estar
4383,bares e baladas
4384,saúde e bem-estar
4385,bares e baladas
4386,saúde e bem-estar
4387,bares e baladas
4388,saúde e bem-estar
4389,saúde e bem-estar
4390,bares e baladas
4391,saúde e bem-estar
4392,saúde e bem-estar
4393,saúde e bem-estar
4394,bares e baladas
4395,restaurantes
4396,saúde e bem-estar
4397,restaurantes
4398,restaurantes
4399,saúde e bem-estar
4400,saúde e bem-estar
4401,cafés
4402,saúde e bem-estar
4403,saúde e bem-estar
4404,saúde e bem-estar
4405,saúde e bem-estar
4406,saúde e bem-estar
4407,bares e baladas
4408,saúde e bem-estar
4409,saúde e bem-estar
4410,saúde e bem-estar
4411,saúde e bem-estar
4412,saúde e bem-estar
4413,saúde e bem-estar
4414,saúde e bem-estar
4415,saúde e bem-estar
4416,saúde e bem-estar
4417,bares e baladas
4418,saúde e bem-estar
4419,saúde e bem-estar
4420,saúde e bem-estar
4421,saúde e bem-estar
4422,saúde e bem-estar
4423,saúde e bem-estar
4424,saúde e bem-estar
4425,saúde e bem-estar
4426,saúde e bem-estar
4427,saúde e bem-estar
4428,saúde e bem-estar
4429,bares e baladas
4430,saúde e bem-estar
4431,saúde e bem-estar
4432,saúde e bem-estar
4433,saúde e bem-estar
4434,saúde e bem-estar
4435,saúde e bem-estar
4436,saúde e bem-estar
4437,saúde e bem-estar
4438,saúde e bem-estar
4439,saúde e bem-estar
4440,saúde e bem-estar
4441,bares e baladas
4442,saúde e bem-estar
4443,saúde e bem-estar
4444,bares e baladas
4445,saúde e bem-estar
4446,saúde e bem-estar
4447,saúde e bem-estar
4448,saúde e bem-estar
4449,saúde e bem-estar
4450,saúde e bem-estar
4451,saúde e bem-estar
4452,saúde e bem-estar
4453,saúde e bem-estar
4454,saúde e bem-estar
4455,saúde e bem-estar
4456,saúde e bem-estar
4457,saúde e bem-estar
4458,restaurantes
4459,restaurantes
4460,saúde e bem-estar
4461,saúde e bem-estar
4462,saúde e bem-estar
4463,saúde e bem-estar
4464,saúde e bem-estar
4465,saúde e bem-estar
4466,saúde e bem-estar
4467,saúde e bem-estar
4468,bares e baladas
4469,saúde e bem-estar
4470,saúde e bem-estar
4471,saúde e bem-estar
4472,saúde e bem-estar
4473,saúde e bem-estar
4474,saúde e bem-estar
4475,saúde e bem-estar
4476,saúde e bem-estar
4477,saúde e bem-estar
4478,bares e baladas
4479,saúde e bem-estar
4480,saúde e bem-estar
4481,saúde e bem-estar
4482,saúde e bem-estar
4483,saúde e bem-estar
4484,saúde e bem-estar
4485,saúde e bem-estar
4486,saúde e bem-estar
4487,saúde e bem-estar
4488,saúde e bem-estar
4489,saúde e bem-estar
4490,restaurantes
4491,saúde e bem-estar
4492,saúde e bem-estar
4493,saúde e bem-estar
4494,saúde e bem-estar
4495,saúde e bem-estar
4496,hotéis
4497,saúde e bem-estar
4498,saúde e bem-estar
4499,bares e baladas
4500,saúde e bem-estar
4501,saúde e bem-estar
4502,saúde e bem-estar
4503,saúde e bem-estar
4504,saúde e bem-estar
4505,saúde e bem-estar
4506,saúde e bem-estar
4507,saúde e bem-estar
4508,saúde e bem-estar
4509,saúde e bem-estar
4510,saúde e bem-estar
4511,saúde e bem-estar
4512,saúde e bem-estar
4513,saúde e bem-estar
4514,bares e baladas
4515,saúde e bem-estar
4516,saúde e bem-estar
4517,saúde e bem-estar
4518,saúde e bem-estar
4519,saúde e bem-estar
4520,saúde e bem-estar
4521,saúde e bem-estar
4522,saúde e bem-estar
4523,restaurantes
4524,restaurantes
4525,saúde e bem-estar
4526,saúde e bem-estar
4527,saúde e bem-estar
4528,saúde e bem-estar
4529,restaurantes
4530,saúde e bem-estar
4531,saúde e bem-estar
4532,saúde e bem-estar
4533,saúde e bem-estar
4534,saúde e bem-estar
4535,saúde e bem-estar
4536,saúde e bem-estar
4537,bares e baladas
4538,saúde e bem-estar
4539,saúde e bem-estar
4540,saúde e bem-estar
4541,saúde e bem-estar
4542,saúde e bem-estar
4543,saúde e bem-estar
4544,bares e baladas
4545,saúde e bem-estar
4546,saúde e bem-estar
4547,saúde e bem-estar
4548,saúde e bem-estar
4549,saúde e bem-estar
4550,saúde e bem-estar
4551,saúde e bem-estar
4552,saúde e bem-estar
4553,saúde e bem-estar
4554,saúde e bem-estar
4555,saúde e bem-estar
4556,saúde e bem-estar
4557,saúde e bem-estar
4558,saúde e bem-estar
4559,saúde e bem-estar
4560,saúde e bem-estar
4561,saúde e bem-estar
4562,restaurantes
4563,saúde e bem-estar
4564,saúde e bem-estar
4565,saúde e bem-estar
4566,saúde e bem-estar
4567,saúde e bem-estar
4568,saúde e bem-estar
4569,saúde e bem-estar
4570,saúde e bem-estar
4571,saúde e bem-estar
4572,saúde e bem-estar
4573,saúde e bem-estar
4574,saúde e bem-estar
4575,restaurantes
4576,saúde e bem-estar
4577,saúde e bem-estar
4578,saúde e bem-estar
4579,restaurantes
4580,saúde e bem-estar
4581,saúde e bem-estar
4582,restaurantes
4583,saúde e bem-estar
4584,saúde e bem-estar
4585,saúde e bem-estar
4586,saúde e bem-estar
4587,saúde e bem-estar
4588,saúde e bem-estar
4589,saúde e bem-estar
4590,saúde e bem-estar
4591,saúde e bem-estar
4592,saúde e bem-estar
4593,hotéis
4594,saúde e bem-estar
4595,saúde e bem-estar
4596,bares e baladas
4597,saúde e bem-estar
4598,restaurantes
4599,saúde e bem-estar
4600,saúde e bem-estar
4601,saúde e bem-estar
4602,bares e baladas
4603,saúde e bem-estar
4604,saúde e bem-estar
4605,bares e baladas
4606,saúde e bem-estar
4607,hotéis
4608,saúde e bem-estar
4609,saúde e bem-estar
4610,saúde e bem-estar
4611,saúde e bem-estar
4612,saúde e bem-estar
4613,saúde e bem-estar
4614,saúde e bem-estar
4615,saúde e bem-estar
4616,saúde e bem-estar
4617,bares e baladas
4618,bares e baladas
4619,bares e baladas
4620,bares e baladas
4621,saúde e bem-estar
4622,saúde e bem-estar
4623,restaurantes
4624,saúde e bem-estar
4625,saúde e bem-estar
4626,bares e baladas
4627,restaurantes
4628,saúde e bem-estar
4629,bares e baladas
4630,bares e baladas
4631,bares e baladas
4632,bares e baladas
4633,saúde e bem-estar
4634,saúde e bem-estar
4635,restaurantes
4636,bares e baladas
4637,bares e baladas
4638,bares e baladas
4639,bares e baladas
4640,cafés
4641,restaurantes
4642,restaurantes
4643,bares e baladas
4644,bares e baladas
4645,saúde e bem-estar
4646,saúde e bem-estar
4647,saúde e bem-estar
4648,saúde e bem-estar
4649,restaurantes
4650,saúde e bem-estar
4651,saúde e bem-estar
4652,bares e baladas
4653,saúde e bem-estar
4654,saúde e bem-estar
4655,saúde e bem-estar
4656,saúde e bem-estar
4657,cafés
4658,bares e baladas
4659,saúde e bem-estar
4660,bares e baladas
4661,cafés
4662,bares e baladas
4663,cafés
4664,saúde e bem-estar
4665,saúde e bem-estar
4666,saúde e bem-estar
4667,restaurantes
4668,saúde e bem-estar
4669,bares e baladas
4670,restaurantes
4671,restaurantes
4672,cafés
4673,bares e baladas
4674,saúde e bem-estar
4675,saúde e bem-estar
4676,bares e baladas
4677,bares e baladas
4678,hotéis
4679,saúde e bem-estar
4680,restaurantes
4681,bares e baladas
4682,bares e baladas
4683,bares e baladas
4684,saúde e bem-estar
4685,saúde e bem-estar
4686,restaurantes
4687,saúde e bem-estar
4688,saúde e bem-estar
4689,bares e baladas
4690,bares e baladas
4691,bares e baladas
4692,saúde e bem-estar
4693,bares e baladas
4694,saúde e bem-estar
4695,saúde e bem-estar
4696,saúde e bem-estar
4697,bares e baladas
4698,saúde e bem-estar
4699,bares e baladas
4700,restaurantes
4701,saúde e bem-estar
4702,restaurantes
4703,bares e baladas
4704,saúde e bem-estar
